-- phpMyAdmin SQL Dump
-- version 5.2.2
-- https://www.phpmyadmin.net/
--
-- Host: localhost:3306
-- Tempo de geração: 21/11/2025 às 21:45
-- Versão do servidor: 10.6.23-MariaDB-cll-lve
-- Versão do PHP: 8.4.14

SET SQL_MODE = "NO_AUTO_VALUE_ON_ZERO";
START TRANSACTION;
SET time_zone = "+00:00";


/*!40101 SET @OLD_CHARACTER_SET_CLIENT=@@CHARACTER_SET_CLIENT */;
/*!40101 SET @OLD_CHARACTER_SET_RESULTS=@@CHARACTER_SET_RESULTS */;
/*!40101 SET @OLD_COLLATION_CONNECTION=@@COLLATION_CONNECTION */;
/*!40101 SET NAMES utf8mb4 */;

--
-- Banco de dados: `crmf5894_atlanticus`
--

-- --------------------------------------------------------

--
-- Estrutura para tabela `activities`
--

CREATE TABLE `activities` (
  `id` int(11) NOT NULL,
  `user_id` int(11) DEFAULT NULL,
  `action` varchar(100) NOT NULL,
  `details` text DEFAULT NULL,
  `created_at` datetime NOT NULL DEFAULT current_timestamp()
) ENGINE=InnoDB DEFAULT CHARSET=utf8mb4 COLLATE=utf8mb4_unicode_ci;

--
-- Despejando dados para a tabela `activities`
--

INSERT INTO `activities` (`id`, `user_id`, `action`, `details`, `created_at`) VALUES
(1, NULL, 'logout', 'Logout realizado', '2025-09-20 22:56:05'),
(2, NULL, 'login', 'Login realizado', '2025-09-20 23:18:26'),
(3, NULL, 'logout', 'Logout realizado', '2025-09-20 23:20:33'),
(4, NULL, 'login', 'Login realizado', '2025-09-20 23:25:05'),
(5, NULL, 'logout', 'Logout realizado', '2025-09-20 23:25:21'),
(6, NULL, 'login', 'Login realizado', '2025-09-20 23:25:47'),
(7, NULL, 'atendimento_create', 'Criou atendimento #1', '2025-09-20 23:28:14'),
(8, NULL, 'atendimento_create', 'Criou atendimento #2', '2025-09-20 23:37:41'),
(9, NULL, 'atendimento_update', 'Atualizou atendimento #2', '2025-09-20 23:38:20'),
(10, NULL, 'atendimento_create', 'Criou atendimento #3', '2025-09-20 23:39:37'),
(11, NULL, 'atendimento_update', 'Atualizou atendimento #3', '2025-09-20 23:40:28'),
(12, NULL, 'atendimento_update', 'Atualizou atendimento #2', '2025-09-20 23:40:34'),
(13, NULL, 'logout', 'Logout realizado', '2025-09-20 23:40:47'),
(14, NULL, 'login', 'Login realizado', '2025-09-20 23:40:58'),
(15, NULL, 'atendimento_create', 'Criou atendimento #4', '2025-09-20 23:42:47'),
(16, NULL, 'atendimento_update', 'Atualizou atendimento #4', '2025-09-20 23:43:05'),
(17, NULL, 'atendimento_update', 'Atualizou atendimento #4', '2025-09-20 23:43:28'),
(18, NULL, 'atendimento_update', 'Atualizou atendimento #4', '2025-09-20 23:43:35'),
(19, NULL, 'login', 'Login realizado', '2025-09-20 23:47:56'),
(20, NULL, 'duplicidade_responsavel', 'Definiu responsavel principal atendimento #2', '2025-09-20 23:51:24'),
(21, NULL, 'logout', 'Logout realizado', '2025-09-20 23:59:53'),
(22, NULL, 'login', 'Login realizado', '2025-09-21 00:00:59'),
(23, NULL, 'login', 'Login realizado', '2025-09-21 00:58:12'),
(24, NULL, 'atendimento_update', 'Atualizou atendimento #2', '2025-09-21 00:59:02'),
(25, NULL, 'atendimento_update', 'Atualizou atendimento #4', '2025-09-21 00:59:07'),
(26, NULL, 'atendimento_update', 'Atualizou atendimento #4', '2025-09-21 00:59:35'),
(27, NULL, 'atendimento_update', 'Atualizou atendimento #2', '2025-09-21 00:59:43'),
(28, NULL, 'atendimento_import', 'Importou 0 registros via CSV.', '2025-09-21 01:03:33'),
(29, NULL, 'atendimento_import', 'Importou 0 registros via CSV.', '2025-09-21 01:06:05'),
(30, NULL, 'atendimento_import', 'Importou 0 registros via CSV.', '2025-09-21 01:10:36'),
(31, NULL, 'logout', 'Logout realizado', '2025-09-21 01:26:50'),
(32, NULL, 'login', 'Login realizado', '2025-09-21 01:28:39'),
(33, NULL, 'atendimento_import', 'Importou 0 registros via CSV.', '2025-09-21 01:29:10'),
(34, NULL, 'logout', 'Logout realizado', '2025-09-21 01:29:19'),
(35, NULL, 'login', 'Login realizado', '2025-09-21 01:29:54'),
(36, NULL, 'duplicidade_responsavel', 'Definiu responsavel principal atendimento #4', '2025-09-21 01:30:27'),
(37, NULL, 'duplicidade_responsavel', 'Definiu responsavel principal atendimento #2', '2025-09-21 01:30:29'),
(38, NULL, 'duplicidade_responsavel', 'Definiu responsavel principal atendimento #2', '2025-09-21 01:30:30'),
(39, NULL, 'duplicidade_responsavel', 'Definiu responsavel principal atendimento #4', '2025-09-21 01:30:31'),
(40, NULL, 'duplicidade_responsavel', 'Definiu responsavel principal atendimento #2', '2025-09-21 01:30:43'),
(41, NULL, 'duplicidade_responsavel', 'Definiu responsavel principal atendimento #4', '2025-09-21 01:30:45'),
(42, NULL, 'duplicidade_responsavel', 'Definiu responsavel principal atendimento #2', '2025-09-21 01:30:47'),
(43, NULL, 'duplicidade_responsavel', 'Definiu responsavel principal atendimento #4', '2025-09-21 01:30:47'),
(44, NULL, 'atendimento_import', 'Importou 0 registros via CSV.', '2025-09-21 01:34:34'),
(45, NULL, 'atendimento_import', 'Importou 0 registros via CSV.', '2025-09-21 01:37:19'),
(46, NULL, 'atendimento_import', 'Importou 0 registros via CSV.', '2025-09-21 01:41:53'),
(47, NULL, 'atendimento_import', 'Importou 0 registros via CSV.', '2025-09-21 01:42:41'),
(48, NULL, 'atendimento_import', 'Importou 13 registros via CSV.', '2025-09-21 01:45:06'),
(49, NULL, 'logout', 'Logout realizado', '2025-09-21 01:51:48'),
(50, NULL, 'login', 'Login realizado', '2025-09-21 01:54:22'),
(51, NULL, 'usuario_status', 'DESATIVAR usuario #2', '2025-09-21 02:12:32'),
(52, NULL, 'atendimento_delete', 'Removeu atendimento #5', '2025-09-21 02:12:56'),
(53, NULL, 'atendimento_delete', 'Removeu atendimento #6', '2025-09-21 02:12:58'),
(54, NULL, 'atendimento_delete', 'Removeu atendimento #7', '2025-09-21 02:13:01'),
(55, NULL, 'atendimento_delete', 'Removeu atendimento #8', '2025-09-21 02:13:02'),
(56, NULL, 'atendimento_delete', 'Removeu atendimento #9', '2025-09-21 02:13:02'),
(57, NULL, 'atendimento_delete', 'Removeu atendimento #10', '2025-09-21 02:13:03'),
(58, NULL, 'atendimento_delete', 'Removeu atendimento #11', '2025-09-21 02:13:03'),
(59, NULL, 'atendimento_delete', 'Removeu atendimento #12', '2025-09-21 02:13:04'),
(60, NULL, 'atendimento_delete', 'Removeu atendimento #13', '2025-09-21 02:13:05'),
(61, NULL, 'atendimento_delete', 'Removeu atendimento #14', '2025-09-21 02:13:05'),
(62, NULL, 'atendimento_delete', 'Removeu atendimento #15', '2025-09-21 02:13:06'),
(63, NULL, 'atendimento_delete', 'Removeu atendimento #16', '2025-09-21 02:13:07'),
(64, NULL, 'atendimento_delete', 'Removeu atendimento #17', '2025-09-21 02:13:08'),
(65, NULL, 'atendimento_delete', 'Removeu atendimento #2', '2025-09-21 02:13:10'),
(66, NULL, 'atendimento_delete', 'Removeu atendimento #4', '2025-09-21 02:13:11'),
(67, NULL, 'atendimento_delete', 'Removeu atendimento #3', '2025-09-21 02:13:13'),
(68, NULL, 'logout', 'Logout realizado', '2025-09-21 02:13:30'),
(69, NULL, 'login', 'Login realizado', '2025-09-21 02:13:39'),
(70, NULL, 'logout', 'Logout realizado', '2025-09-21 02:18:39'),
(71, NULL, 'login', 'Login realizado', '2025-09-21 02:18:52'),
(72, NULL, 'atendimento_import', 'Importou 21 registros via CSV.', '2025-09-21 02:19:07'),
(73, NULL, 'logout', 'Logout realizado', '2025-09-21 02:20:15'),
(74, NULL, 'login', 'Login realizado', '2025-09-21 02:21:30'),
(75, NULL, 'atendimento_delete', 'Removeu atendimento #18', '2025-09-21 02:21:44'),
(76, NULL, 'atendimento_delete', 'Removeu atendimento #19', '2025-09-21 02:21:46'),
(77, NULL, 'atendimento_delete', 'Removeu atendimento #20', '2025-09-21 02:22:34'),
(78, NULL, 'atendimento_delete', 'Removeu atendimento #21', '2025-09-21 02:22:36'),
(79, NULL, 'atendimento_delete', 'Removeu atendimento #22', '2025-09-21 02:22:38'),
(80, NULL, 'atendimento_delete', 'Removeu atendimento #23', '2025-09-21 02:22:39'),
(81, NULL, 'atendimento_delete', 'Removeu atendimento #24', '2025-09-21 02:22:40'),
(82, NULL, 'atendimento_delete', 'Removeu atendimento #25', '2025-09-21 02:22:41'),
(83, NULL, 'atendimento_delete', 'Removeu atendimento #26', '2025-09-21 02:22:42'),
(84, NULL, 'atendimento_delete', 'Removeu atendimento #27', '2025-09-21 02:22:42'),
(85, NULL, 'atendimento_delete', 'Removeu atendimento #28', '2025-09-21 02:22:43'),
(86, NULL, 'atendimento_delete', 'Removeu atendimento #29', '2025-09-21 02:22:44'),
(87, NULL, 'atendimento_delete', 'Removeu atendimento #30', '2025-09-21 02:22:45'),
(88, NULL, 'atendimento_delete', 'Removeu atendimento #31', '2025-09-21 02:22:45'),
(89, NULL, 'atendimento_delete', 'Removeu atendimento #32', '2025-09-21 02:22:46'),
(90, NULL, 'atendimento_delete', 'Removeu atendimento #33', '2025-09-21 02:22:46'),
(91, NULL, 'atendimento_delete', 'Removeu atendimento #34', '2025-09-21 02:22:47'),
(92, NULL, 'atendimento_delete', 'Removeu atendimento #35', '2025-09-21 02:22:48'),
(93, NULL, 'atendimento_delete', 'Removeu atendimento #36', '2025-09-21 02:22:49'),
(94, NULL, 'atendimento_delete', 'Removeu atendimento #37', '2025-09-21 02:22:49'),
(95, NULL, 'atendimento_delete', 'Removeu atendimento #38', '2025-09-21 02:22:50'),
(96, NULL, 'atendimento_import', 'Importou 34 registros via CSV.', '2025-09-21 02:27:08'),
(97, NULL, 'atendimento_create', 'Criou atendimento #73', '2025-09-21 02:29:46'),
(98, NULL, 'atendimento_update', 'Atualizou atendimento #40', '2025-09-21 02:30:37'),
(99, NULL, 'logout', 'Logout realizado', '2025-09-21 02:30:54'),
(100, 7, 'login', 'Login realizado', '2025-09-21 02:31:07'),
(101, 7, 'atendimento_import', 'Importou 21 registros via CSV.', '2025-09-21 02:31:45'),
(102, 7, 'logout', 'Logout realizado', '2025-09-21 02:32:53'),
(103, 3, 'login', 'Login realizado', '2025-09-21 02:33:05'),
(104, 3, 'logout', 'Logout realizado', '2025-09-21 02:35:17'),
(105, NULL, 'login', 'Login realizado', '2025-09-21 02:37:59'),
(106, NULL, 'atendimento_import', 'Importou 68 registros via CSV.', '2025-09-21 02:42:33'),
(107, NULL, 'atendimento_create', 'Criou atendimento #163', '2025-09-21 02:45:38'),
(108, NULL, 'atendimento_create', 'Criou atendimento #164', '2025-09-21 02:47:17'),
(109, NULL, 'atendimento_create', 'Criou atendimento #165', '2025-09-21 02:49:12'),
(110, NULL, 'atendimento_create', 'Criou atendimento #166', '2025-09-21 02:51:25'),
(111, NULL, 'atendimento_create', 'Criou atendimento #167', '2025-09-21 02:53:34'),
(112, NULL, 'logout', 'Logout realizado', '2025-09-21 02:56:42'),
(113, 3, 'login', 'Login realizado', '2025-09-21 02:59:21'),
(114, 7, 'login', 'Login realizado', '2025-09-21 03:10:04'),
(115, 3, 'logout', 'Logout realizado', '2025-09-21 03:16:28'),
(116, NULL, 'login', 'Login realizado', '2025-09-21 03:16:44'),
(117, NULL, 'atendimento_import', 'Importou 32 registros via CSV.', '2025-09-21 03:19:14'),
(118, NULL, 'atendimento_create', 'Criou atendimento #200', '2025-09-21 03:20:36'),
(119, NULL, 'atendimento_update', 'Atualizou atendimento #200', '2025-09-21 03:20:56'),
(120, NULL, 'logout', 'Logout realizado', '2025-09-21 03:22:11'),
(121, 3, 'login', 'Login realizado', '2025-09-21 03:22:23'),
(122, 3, 'logout', 'Logout realizado', '2025-09-21 03:23:43'),
(123, NULL, 'login', 'Login realizado', '2025-09-21 03:23:52'),
(124, NULL, 'atendimento_import', 'Importou 19 registros via CSV.', '2025-09-21 03:24:04'),
(125, NULL, 'logout', 'Logout realizado', '2025-09-21 03:24:28'),
(126, 3, 'login', 'Login realizado', '2025-09-21 03:24:36'),
(127, 3, 'duplicidade_responsavel', 'Definiu responsavel principal atendimento #205', '2025-09-21 03:39:52'),
(128, 3, 'duplicidade_responsavel', 'Definiu responsavel principal atendimento #205', '2025-09-21 03:39:54'),
(129, 3, 'duplicidade_responsavel', 'Definiu responsavel principal atendimento #118', '2025-09-21 03:39:56'),
(130, 3, 'duplicidade_responsavel', 'Definiu responsavel principal atendimento #118', '2025-09-21 03:39:58'),
(131, 3, 'duplicidade_responsavel', 'Definiu responsavel principal atendimento #118', '2025-09-21 03:39:59'),
(132, 3, 'atendimento_update', 'Atualizou atendimento #118', '2025-09-21 03:40:10'),
(133, 3, 'login', 'Login realizado', '2025-09-21 04:55:19'),
(134, 3, 'atendimento_create', 'Criou atendimento #220', '2025-09-21 05:09:23'),
(135, 3, 'atendimento_create', 'Criou atendimento #221', '2025-09-21 05:13:53'),
(136, 3, 'atendimento_create', 'Criou atendimento #222', '2025-09-21 05:16:09'),
(137, 3, 'duplicidade_responsavel', 'Definiu responsavel principal atendimento #220', '2025-09-21 05:17:33'),
(138, 3, 'atendimento_update', 'Atualizou atendimento #220', '2025-09-21 05:17:40'),
(139, 3, 'logout', 'Logout realizado', '2025-09-21 05:19:01'),
(140, 7, 'login', 'Login realizado', '2025-09-21 05:19:16'),
(141, 3, 'login', 'Login realizado', '2025-09-21 06:18:32'),
(142, 3, 'login', 'Login realizado', '2025-09-21 07:16:11'),
(143, 7, 'login', 'Login realizado', '2025-09-21 07:19:22'),
(144, 7, 'logout', 'Logout realizado', '2025-09-21 07:21:29'),
(145, 3, 'login', 'Login realizado', '2025-09-21 07:22:08'),
(146, 3, 'logout', 'Logout realizado', '2025-09-21 07:28:23'),
(147, 3, 'login', 'Login realizado', '2025-09-21 15:21:15'),
(148, 3, 'atendimento_update', 'Atualizou atendimento #220', '2025-09-21 16:02:40'),
(149, 3, 'atendimento_update', 'Atualizou atendimento #220', '2025-09-21 16:03:57'),
(150, 3, 'atendimento_update', 'Atualizou atendimento #222', '2025-09-21 16:04:14'),
(151, 3, 'atendimento_update', 'Atualizou atendimento #221', '2025-09-21 16:04:22'),
(152, 3, 'atendimento_update', 'Atualizou atendimento #220', '2025-09-21 16:24:31'),
(153, 3, 'atendimento_update', 'Atualizou atendimento #220', '2025-09-21 16:24:44'),
(154, 3, 'atendimento_update', 'Atualizou atendimento #220', '2025-09-21 16:25:19'),
(155, 3, 'atendimento_update', 'Atualizou atendimento #222', '2025-09-21 16:25:34'),
(156, 3, 'atendimento_update', 'Atualizou atendimento #221', '2025-09-21 16:25:41'),
(157, 3, 'logout', 'Logout realizado', '2025-09-21 16:39:53'),
(158, NULL, 'login', 'Login realizado', '2025-09-21 16:40:06'),
(159, NULL, 'logout', 'Logout realizado', '2025-09-21 16:40:40'),
(160, NULL, 'login', 'Login realizado', '2025-09-21 16:40:55'),
(161, NULL, 'logout', 'Logout realizado', '2025-09-21 16:41:40'),
(162, 3, 'login', 'Login realizado', '2025-09-21 16:41:56'),
(163, 3, 'atendimento_update', 'Atualizou atendimento #220', '2025-09-21 16:42:21'),
(164, 3, 'atendimento_update', 'Atualizou atendimento #220', '2025-09-21 16:42:50'),
(165, 3, 'atendimento_update', 'Atualizou atendimento #220', '2025-09-21 16:43:28'),
(166, 3, 'logout', 'Logout realizado', '2025-09-21 16:43:44'),
(167, 3, 'login', 'Login realizado', '2025-09-21 17:51:17'),
(168, 3, 'logout', 'Logout realizado', '2025-09-21 17:51:25'),
(169, 3, 'login', 'Login realizado', '2025-09-21 17:56:24'),
(170, 3, 'atendimento_update', 'Atualizou atendimento #220', '2025-09-21 18:35:43'),
(171, 3, 'atendimento_update', 'Atualizou atendimento #220', '2025-09-21 18:38:16'),
(172, 3, 'atendimento_update', 'Atualizou atendimento #220', '2025-09-21 18:38:40'),
(173, 3, 'atendimento_update', 'Atualizou atendimento #220', '2025-09-21 18:38:50'),
(174, 3, 'atendimento_create', 'Criou atendimento #223', '2025-09-21 18:40:05'),
(175, 3, 'atendimento_delete', 'Removeu atendimento #223', '2025-09-21 18:40:15'),
(176, 3, 'logout', 'Logout realizado', '2025-09-21 18:51:22'),
(177, NULL, 'login', 'Login realizado', '2025-09-21 18:51:30'),
(178, NULL, 'logout', 'Logout realizado', '2025-09-21 18:52:08'),
(179, 3, 'login', 'Login realizado', '2025-09-21 18:52:23'),
(180, 3, 'logout', 'Logout realizado', '2025-09-21 19:01:55'),
(181, 3, 'login', 'Login realizado', '2025-09-21 19:02:52'),
(182, 3, 'logout', 'Logout realizado', '2025-09-21 19:03:41'),
(183, 3, 'login', 'Login realizado', '2025-09-21 19:03:57'),
(184, 3, 'atendimento_create', 'Criou atendimento #224', '2025-09-21 19:11:53'),
(185, 3, 'atendimento_delete', 'Removeu atendimento #224', '2025-09-21 19:12:08'),
(186, 3, 'atendimento_update', 'Atualizou atendimento #220', '2025-09-21 19:18:56'),
(187, 3, 'atendimento_update', 'Atualizou atendimento #220', '2025-09-21 19:18:59'),
(188, 3, 'atendimento_update', 'Atualizou atendimento #220', '2025-09-21 19:19:02'),
(189, 3, 'atendimento_update', 'Atualizou atendimento #220', '2025-09-21 19:19:16'),
(190, 3, 'logout', 'Logout realizado', '2025-09-21 19:36:48'),
(191, 3, 'login', 'Login realizado', '2025-09-21 19:37:18'),
(192, 3, 'atendimento_update', 'Atualizou atendimento #205', '2025-09-21 19:40:00'),
(193, 3, 'atendimento_update', 'Atualizou atendimento #220', '2025-09-21 19:40:34'),
(194, 3, 'atendimento_update', 'Atualizou atendimento #222', '2025-09-21 19:40:49'),
(195, 3, 'atendimento_update', 'Atualizou atendimento #221', '2025-09-21 19:40:56'),
(196, 3, 'atendimento_create', 'Criou atendimento #225', '2025-09-21 19:42:59'),
(197, 3, 'atendimento_delete', 'Removeu atendimento #225', '2025-09-21 19:43:05'),
(198, 3, 'logout', 'Logout realizado', '2025-09-21 19:48:22'),
(199, NULL, 'login', 'Login realizado', '2025-09-21 19:48:48'),
(200, NULL, 'atendimento_update', 'Atualizou atendimento #200', '2025-09-21 19:49:44'),
(201, NULL, 'atendimento_create', 'Criou atendimento #226', '2025-09-21 19:50:32'),
(202, NULL, 'logout', 'Logout realizado', '2025-09-21 19:50:34'),
(203, 3, 'login', 'Login realizado', '2025-09-21 19:50:45'),
(204, 3, 'atendimento_delete', 'Removeu atendimento #226', '2025-09-21 19:51:00'),
(205, 3, 'atendimento_update', 'Atualizou atendimento #221', '2025-09-21 19:51:50'),
(206, 3, 'atendimento_update', 'Atualizou atendimento #222', '2025-09-21 19:52:00'),
(207, 3, 'duplicidade_responsavel', 'Definiu responsavel principal atendimento #119', '2025-09-21 19:56:34'),
(208, 3, 'atendimento_update', 'Atualizou atendimento #119', '2025-09-21 19:58:20'),
(209, 3, 'atendimento_delete', 'Removeu atendimento #222', '2025-09-21 19:59:21'),
(210, 3, 'atendimento_delete', 'Removeu atendimento #119', '2025-09-21 19:59:23'),
(211, 3, 'atendimento_delete', 'Removeu atendimento #221', '2025-09-21 19:59:28'),
(212, 3, 'atendimento_delete', 'Removeu atendimento #220', '2025-09-21 19:59:35'),
(213, NULL, 'login', 'Login realizado', '2025-09-21 20:05:22'),
(214, 3, 'atendimento_create', 'Criou atendimento #227', '2025-09-21 20:19:02'),
(215, 3, 'atendimento_delete', 'Removeu atendimento #227', '2025-09-21 20:19:08'),
(216, 3, 'atendimento_update', 'Atualizou atendimento #74', '2025-09-21 20:37:20'),
(217, 3, 'atendimento_update', 'Atualizou atendimento #74', '2025-09-21 20:37:34'),
(218, 3, 'atendimento_update', 'Atualizou atendimento #74', '2025-09-21 20:37:46'),
(219, 3, 'atendimento_update', 'Atualizou atendimento #75', '2025-09-21 20:37:55'),
(220, 3, 'atendimento_create', 'Criou atendimento #228', '2025-09-21 21:13:01'),
(221, 3, 'atendimento_delete', 'Removeu atendimento #228', '2025-09-21 21:13:30'),
(222, 3, 'atendimento_create', 'Criou atendimento #229', '2025-09-21 21:13:38'),
(223, 3, 'atendimento_delete', 'Removeu atendimento #229', '2025-09-21 21:13:49'),
(224, 3, 'logout', 'Logout realizado', '2025-09-21 21:39:40'),
(225, 3, 'login', 'Login realizado', '2025-09-21 21:39:50'),
(226, 3, 'atendimento_create', 'Criou atendimento #230', '2025-09-21 21:46:11'),
(227, 3, 'atendimento_delete', 'Removeu atendimento #230', '2025-09-21 21:46:19'),
(228, 3, 'login', 'Login realizado', '2025-09-21 21:55:17'),
(229, 3, 'usuario_status', 'DESATIVAR usuario #1', '2025-09-21 21:57:25'),
(230, 3, 'usuario_status', 'ATIVAR usuario #1', '2025-09-21 21:57:26'),
(231, 3, 'logout', 'Logout realizado', '2025-09-21 22:15:49'),
(232, NULL, 'login', 'Login realizado', '2025-09-21 22:15:53'),
(233, NULL, 'logout', 'Logout realizado', '2025-09-21 22:21:22'),
(234, NULL, 'login', 'Login realizado', '2025-09-21 22:21:32'),
(235, NULL, 'logout', 'Logout realizado', '2025-09-21 22:21:41'),
(236, 3, 'login', 'Login realizado', '2025-09-21 22:21:59'),
(237, 3, 'usuario_status', 'ATIVAR usuario #2', '2025-09-21 22:23:08'),
(238, 3, 'usuario_create', 'Criou usuario #9', '2025-09-21 22:36:57'),
(239, 3, 'logout', 'Logout realizado', '2025-09-21 22:37:06'),
(240, NULL, 'login', 'Login realizado', '2025-09-21 22:37:13'),
(241, NULL, 'logout', 'Logout realizado', '2025-09-21 22:37:16'),
(242, 3, 'login', 'Login realizado', '2025-09-21 22:37:24'),
(243, 3, 'usuario_update', 'Atualizou usuario #9', '2025-09-21 22:37:38'),
(244, 3, 'logout', 'Logout realizado', '2025-09-21 22:37:40'),
(245, NULL, 'login', 'Login realizado', '2025-09-21 22:37:47'),
(246, NULL, 'logout', 'Logout realizado', '2025-09-21 22:37:49'),
(247, 3, 'login', 'Login realizado', '2025-09-21 22:37:57'),
(248, 3, 'usuario_status', 'DESATIVAR usuario #9', '2025-09-21 22:38:12'),
(249, 3, 'usuario_update', 'Atualizou usuario #2', '2025-09-21 22:38:36'),
(250, 3, 'usuario_update', 'Atualizou usuario #1', '2025-09-21 22:59:38'),
(251, 3, 'usuario_update', 'Atualizou usuario #1', '2025-09-21 22:59:53'),
(252, 3, 'usuario_update', 'Atualizou usuario #1', '2025-09-21 23:00:07'),
(253, 3, 'logout', 'Logout realizado', '2025-09-21 23:01:12'),
(254, NULL, 'login', 'Login realizado', '2025-09-21 23:01:25'),
(255, NULL, 'logout', 'Logout realizado', '2025-09-21 23:05:04'),
(256, NULL, 'login', 'Login realizado', '2025-09-21 23:05:25'),
(257, NULL, 'atendimento_update', 'Atualizou atendimento #118', '2025-09-21 23:16:33'),
(258, NULL, 'logout', 'Logout realizado', '2025-09-21 23:16:42'),
(259, NULL, 'login', 'Login realizado', '2025-09-21 23:16:53'),
(260, NULL, 'logout', 'Logout realizado', '2025-09-21 23:17:17'),
(261, 7, 'login', 'Login realizado', '2025-09-21 23:17:31'),
(262, 7, 'logout', 'Logout realizado', '2025-09-21 23:21:01'),
(263, 3, 'login', 'Login realizado', '2025-09-21 23:21:10'),
(264, 3, 'atendimento_update', 'Atualizou atendimento #74', '2025-09-21 23:21:25'),
(265, 3, 'logout', 'Logout realizado', '2025-09-21 23:21:28'),
(266, 7, 'login', 'Login realizado', '2025-09-21 23:21:34'),
(267, 7, 'atendimento_update', 'Atualizou atendimento #74', '2025-09-21 23:22:17'),
(268, 7, 'atendimento_create', 'Criou atendimento #231', '2025-09-21 23:28:20'),
(269, 7, 'atendimento_delete', 'Removeu atendimento #231', '2025-09-21 23:28:24'),
(270, 7, 'logout', 'Logout realizado', '2025-09-21 23:28:35'),
(271, 3, 'login', 'Login realizado', '2025-09-21 23:28:45'),
(272, 3, 'logout', 'Logout realizado', '2025-09-21 23:40:46'),
(273, NULL, 'login', 'Login realizado', '2025-09-21 23:41:00'),
(274, NULL, 'logout', 'Logout realizado', '2025-09-21 23:46:17'),
(275, 3, 'login', 'Login realizado', '2025-09-21 23:46:28'),
(276, 3, 'logout', 'Logout realizado', '2025-09-21 23:47:09'),
(277, NULL, 'login', 'Login realizado', '2025-09-21 23:47:34'),
(278, NULL, 'logout', 'Logout realizado', '2025-09-21 23:47:43'),
(279, 3, 'login', 'Login realizado', '2025-09-21 23:47:59'),
(280, 3, 'logout', 'Logout realizado', '2025-09-21 23:50:38'),
(281, 12, 'login', 'Login realizado', '2025-09-21 23:50:54'),
(282, 12, 'logout', 'Logout realizado', '2025-09-22 00:03:48'),
(283, 3, 'login', 'Login realizado', '2025-09-22 00:03:55'),
(284, 3, 'logout', 'Logout realizado', '2025-09-22 00:06:21'),
(285, 3, 'login', 'Login realizado', '2025-09-22 00:06:35'),
(286, 3, 'logout', 'Logout realizado', '2025-09-22 00:11:28'),
(287, 3, 'login', 'Login realizado', '2025-09-22 00:11:36'),
(288, 3, 'usuario_status', 'DESATIVAR usuario #12', '2025-09-22 00:11:59'),
(289, 3, 'logout', 'Logout realizado', '2025-09-22 00:12:37'),
(290, 3, 'login', 'Login realizado', '2025-09-22 00:13:04'),
(291, 3, 'logout', 'Logout realizado', '2025-09-22 00:15:17'),
(292, NULL, 'login', 'Login realizado', '2025-09-22 00:15:26'),
(293, NULL, 'logout', 'Logout realizado', '2025-09-22 00:16:18'),
(294, 3, 'login', 'Login realizado', '2025-09-22 19:00:47'),
(295, 3, 'logout', 'Logout realizado', '2025-09-22 19:04:07'),
(296, NULL, 'login', 'Login realizado', '2025-09-22 19:04:15'),
(297, NULL, 'logout', 'Logout realizado', '2025-09-22 19:04:57'),
(298, 3, 'login', 'Login realizado', '2025-09-22 19:55:14'),
(299, 3, 'login', 'Login realizado', '2025-09-22 20:21:31'),
(300, 3, 'logout', 'Logout realizado', '2025-09-22 20:25:39'),
(301, NULL, 'login', 'Login realizado', '2025-09-22 20:25:49'),
(302, NULL, 'logout', 'Logout realizado', '2025-09-22 20:26:27'),
(303, 3, 'login', 'Login realizado', '2025-09-22 23:24:28'),
(304, 3, 'logout', 'Logout realizado', '2025-09-22 23:24:43'),
(305, 3, 'login', 'Login realizado', '2025-09-22 23:45:25'),
(306, 3, 'logout', 'Logout realizado', '2025-09-22 23:45:30'),
(307, NULL, 'login', 'Login realizado', '2025-09-22 23:52:40'),
(308, NULL, 'logout', 'Logout realizado', '2025-09-22 23:52:45'),
(309, NULL, 'login', 'Login realizado', '2025-09-23 00:01:11'),
(310, NULL, 'logout', 'Logout realizado', '2025-09-23 00:01:14'),
(311, 3, 'login', 'Login realizado', '2025-09-23 00:13:00'),
(312, 3, 'logout', 'Logout realizado', '2025-09-23 00:13:04'),
(313, NULL, 'login', 'Login realizado', '2025-09-23 00:18:57'),
(314, NULL, 'logout', 'Logout realizado', '2025-09-23 00:19:00'),
(315, 3, 'login', 'Login realizado', '2025-09-23 00:34:51'),
(316, 3, 'logout', 'Logout realizado', '2025-09-23 00:35:03'),
(317, 3, 'login', 'Login realizado', '2025-09-23 00:48:40'),
(318, 3, 'logout', 'Logout realizado', '2025-09-23 00:48:41'),
(319, 3, 'login', 'Login realizado', '2025-09-23 01:24:46'),
(320, 3, 'logout', 'Logout realizado', '2025-09-23 01:24:52'),
(321, 3, 'login', 'Login realizado', '2025-09-23 05:40:01'),
(322, 3, 'logout', 'Logout realizado', '2025-09-23 05:40:13'),
(323, 3, 'login', 'Login realizado', '2025-09-23 08:44:31'),
(324, 3, 'login', 'Login realizado', '2025-09-23 19:07:39'),
(325, 3, 'login', 'Login realizado', '2025-09-23 21:48:04'),
(326, 3, 'login', 'Login realizado', '2025-09-23 23:01:59'),
(327, 3, 'logout', 'Logout realizado', '2025-09-23 23:02:15'),
(328, 3, 'login', 'Login realizado', '2025-10-02 11:52:08'),
(329, 3, 'login', 'Login realizado', '2025-10-02 16:31:32'),
(330, 3, 'login', 'Login realizado', '2025-10-05 12:50:08'),
(331, 3, 'logout', 'Logout realizado', '2025-10-05 12:50:41'),
(332, 3, 'login', 'Login realizado', '2025-10-17 10:31:21'),
(333, 3, 'atendimento_update', 'Atualizou atendimento #93', '2025-10-17 10:37:04'),
(334, 3, 'atendimento_delete', 'Removeu atendimento #95', '2025-10-17 10:47:41'),
(335, 3, 'atendimento_create', 'Criou atendimento #232', '2025-10-17 10:50:14'),
(336, 3, 'atendimento_create', 'Criou atendimento #233', '2025-10-17 10:51:16'),
(337, 3, 'atendimento_update', 'Atualizou atendimento #198', '2025-10-17 10:52:06'),
(338, 3, 'atendimento_update', 'Atualizou atendimento #198', '2025-10-17 10:52:56'),
(339, 3, 'atendimento_update', 'Atualizou atendimento #198', '2025-10-17 10:53:08'),
(340, 3, 'atendimento_update', 'Atualizou atendimento #98', '2025-10-17 10:54:37'),
(341, 3, 'atendimento_update', 'Atualizou atendimento #87', '2025-10-17 10:56:30'),
(342, 3, 'atendimento_create', 'Criou atendimento #234', '2025-10-17 11:00:48'),
(343, 3, 'atendimento_create', 'Criou atendimento #235', '2025-10-17 11:01:59'),
(344, 3, 'atendimento_delete', 'Removeu atendimento #138', '2025-10-17 11:03:12'),
(345, 3, 'atendimento_create', 'Criou atendimento #236', '2025-10-17 11:03:42'),
(346, 3, 'duplicidade_responsavel', 'Definiu responsavel principal atendimento #84', '2025-10-17 11:07:50'),
(347, 3, 'atendimento_delete', 'Removeu atendimento #106', '2025-10-17 11:08:00'),
(348, 3, 'atendimento_delete', 'Removeu atendimento #107', '2025-10-17 11:08:46'),
(349, 3, 'atendimento_delete', 'Removeu atendimento #108', '2025-10-17 11:13:40'),
(350, 3, 'atendimento_delete', 'Removeu atendimento #172', '2025-10-17 11:13:56'),
(351, 3, 'duplicidade_responsavel', 'Definiu responsavel principal atendimento #94', '2025-10-17 11:22:15'),
(352, 3, 'atendimento_delete', 'Removeu atendimento #174', '2025-10-17 11:22:20'),
(353, 3, 'duplicidade_responsavel', 'Definiu responsavel principal atendimento #78', '2025-10-17 11:22:44'),
(354, 3, 'atendimento_delete', 'Removeu atendimento #219', '2025-10-17 11:22:49'),
(355, 3, 'atendimento_delete', 'Removeu atendimento #214', '2025-10-17 11:23:14'),
(356, 3, 'duplicidade_responsavel', 'Definiu responsavel principal atendimento #94', '2025-10-17 11:23:27'),
(357, 3, 'atendimento_delete', 'Removeu atendimento #112', '2025-10-17 11:23:34'),
(358, 3, 'atendimento_delete', 'Removeu atendimento #113', '2025-10-17 11:23:47'),
(359, 3, 'atendimento_delete', 'Removeu atendimento #114', '2025-10-17 11:23:59'),
(360, 3, 'atendimento_delete', 'Removeu atendimento #179', '2025-10-17 11:24:18'),
(361, 3, 'duplicidade_responsavel', 'Definiu responsavel principal atendimento #90', '2025-10-17 11:24:42'),
(362, 3, 'atendimento_delete', 'Removeu atendimento #201', '2025-10-17 11:25:15'),
(363, 3, 'atendimento_delete', 'Removeu atendimento #184', '2025-10-17 11:25:29'),
(364, 3, 'atendimento_delete', 'Removeu atendimento #48', '2025-10-17 11:25:43'),
(365, 3, 'atendimento_delete', 'Removeu atendimento #45', '2025-10-17 11:25:55'),
(366, 3, 'atendimento_delete', 'Removeu atendimento #46', '2025-10-17 11:26:07'),
(367, 3, 'atendimento_delete', 'Removeu atendimento #47', '2025-10-17 11:26:51'),
(368, 3, 'atendimento_delete', 'Removeu atendimento #210', '2025-10-17 11:27:07'),
(369, 3, 'atendimento_delete', 'Removeu atendimento #142', '2025-10-17 11:27:22'),
(370, 3, 'atendimento_delete', 'Removeu atendimento #195', '2025-10-17 11:27:38'),
(371, 3, 'atendimento_delete', 'Removeu atendimento #155', '2025-10-17 11:27:50'),
(372, 3, 'atendimento_delete', 'Removeu atendimento #64', '2025-10-17 11:28:05'),
(373, 3, 'atendimento_delete', 'Removeu atendimento #62', '2025-10-17 11:28:23'),
(374, 3, 'duplicidade_responsavel', 'Definiu responsavel principal atendimento #75', '2025-10-17 11:28:34'),
(375, 3, 'atendimento_delete', 'Removeu atendimento #162', '2025-10-17 11:28:45'),
(376, 3, 'atendimento_delete', 'Removeu atendimento #77', '2025-10-17 11:29:02'),
(377, 3, 'duplicidade_responsavel', 'Definiu responsavel principal atendimento #75', '2025-10-17 11:29:12'),
(378, 3, 'atendimento_delete', 'Removeu atendimento #76', '2025-10-17 11:29:15'),
(379, 3, 'atendimento_delete', 'Removeu atendimento #197', '2025-10-17 11:29:35'),
(380, 3, 'duplicidade_responsavel', 'Definiu responsavel principal atendimento #85', '2025-10-17 11:29:46'),
(381, 3, 'atendimento_delete', 'Removeu atendimento #160', '2025-10-17 11:29:51'),
(382, 3, 'atendimento_delete', 'Removeu atendimento #59', '2025-10-17 11:30:02'),
(383, 3, 'duplicidade_responsavel', 'Definiu responsavel principal atendimento #74', '2025-10-17 11:30:20'),
(384, 3, 'atendimento_delete', 'Removeu atendimento #212', '2025-10-17 11:30:23'),
(385, 3, 'atendimento_delete', 'Removeu atendimento #161', '2025-10-17 11:30:37'),
(386, 3, 'atendimento_update', 'Atualizou atendimento #74', '2025-10-17 11:32:24'),
(387, 3, 'atendimento_update', 'Atualizou atendimento #79', '2025-10-17 11:33:15'),
(388, 3, 'atendimento_update', 'Atualizou atendimento #80', '2025-10-17 11:33:57'),
(389, 3, 'atendimento_update', 'Atualizou atendimento #81', '2025-10-17 11:34:34'),
(390, 3, 'atendimento_update', 'Atualizou atendimento #82', '2025-10-17 11:35:03'),
(391, 3, 'atendimento_update', 'Atualizou atendimento #83', '2025-10-17 11:36:33'),
(392, 3, 'atendimento_update', 'Atualizou atendimento #86', '2025-10-17 11:41:00'),
(393, 3, 'atendimento_update', 'Atualizou atendimento #125', '2025-10-17 11:44:36'),
(394, 3, 'atendimento_update', 'Atualizou atendimento #118', '2025-10-17 11:46:53'),
(395, 3, 'duplicidade_responsavel', 'Definiu responsavel principal atendimento #118', '2025-10-17 11:47:13'),
(396, 3, 'atendimento_delete', 'Removeu atendimento #205', '2025-10-17 11:47:18'),
(397, 3, 'usuario_update', 'Atualizou usuario #7', '2025-10-17 11:54:24'),
(398, 3, 'usuario_update', 'Atualizou usuario #7', '2025-10-17 12:00:51'),
(399, 3, 'usuario_update', 'Atualizou usuario #7', '2025-10-17 12:04:27'),
(400, 7, 'login', 'Login realizado', '2025-10-17 12:04:57'),
(401, 7, 'login', 'Login realizado', '2025-10-17 12:06:13'),
(402, 3, 'atendimento_update', 'Atualizou atendimento #187', '2025-10-17 12:07:32'),
(403, 3, 'atendimento_delete', 'Removeu atendimento #136', '2025-10-17 12:07:48'),
(404, 7, 'login', 'Login realizado', '2025-10-17 12:08:08'),
(405, 3, 'atendimento_update', 'Atualizou atendimento #125', '2025-10-17 12:08:15'),
(406, 3, 'atendimento_update', 'Atualizou atendimento #118', '2025-10-17 12:12:46'),
(407, 3, 'atendimento_update', 'Atualizou atendimento #118', '2025-10-17 12:13:14'),
(408, 3, 'atendimento_update', 'Atualizou atendimento #204', '2025-10-17 13:15:07'),
(409, 3, 'atendimento_update', 'Atualizou atendimento #170', '2025-10-17 13:45:46'),
(410, 3, 'atendimento_update', 'Atualizou atendimento #208', '2025-10-17 13:46:38'),
(411, 3, 'atendimento_delete', 'Removeu atendimento #209', '2025-10-17 13:46:55'),
(412, 3, 'login', 'Login realizado', '2025-10-17 18:38:07'),
(413, 3, 'atendimento_delete', 'Removeu atendimento #216', '2025-10-17 18:41:07'),
(414, 3, 'atendimento_delete', 'Removeu atendimento #72', '2025-10-17 18:41:36'),
(415, 3, 'duplicidade_responsavel', 'Definiu responsavel principal atendimento #101', '2025-10-17 18:41:55'),
(416, 3, 'atendimento_delete', 'Removeu atendimento #102', '2025-10-17 18:41:58'),
(417, 3, 'duplicidade_responsavel', 'Definiu responsavel principal atendimento #93', '2025-10-17 18:42:11'),
(418, 3, 'atendimento_delete', 'Removeu atendimento #103', '2025-10-17 18:42:13'),
(419, 3, 'atendimento_delete', 'Removeu atendimento #173', '2025-10-17 18:42:29'),
(420, 3, 'duplicidade_responsavel', 'Definiu responsavel principal atendimento #109', '2025-10-17 18:42:40'),
(421, 3, 'atendimento_delete', 'Removeu atendimento #110', '2025-10-17 18:42:45'),
(422, 3, 'atendimento_delete', 'Removeu atendimento #111', '2025-10-17 18:42:59'),
(423, 3, 'atendimento_delete', 'Removeu atendimento #70', '2025-10-17 18:43:28'),
(424, 3, 'atendimento_delete', 'Removeu atendimento #44', '2025-10-17 18:43:44'),
(425, 3, 'atendimento_delete', 'Removeu atendimento #176', '2025-10-17 18:44:26'),
(426, 3, 'atendimento_delete', 'Removeu atendimento #53', '2025-10-17 18:44:49'),
(427, 3, 'atendimento_delete', 'Removeu atendimento #54', '2025-10-17 18:45:05'),
(428, 3, 'duplicidade_responsavel', 'Definiu responsavel principal atendimento #120', '2025-10-17 18:45:25'),
(429, 3, 'atendimento_delete', 'Removeu atendimento #121', '2025-10-17 18:45:31'),
(430, 3, 'atendimento_delete', 'Removeu atendimento #122', '2025-10-17 18:46:29'),
(431, 3, 'atendimento_delete', 'Removeu atendimento #200', '2025-10-17 18:46:54'),
(432, 3, 'atendimento_delete', 'Removeu atendimento #63', '2025-10-17 18:47:07'),
(433, 3, 'usuario_update', 'Atualizou usuario #8', '2025-10-17 18:49:03'),
(434, 3, 'usuario_update', 'Atualizou usuario #8', '2025-10-17 18:49:31'),
(435, 3, 'usuario_create', 'Criou usuario #16', '2025-10-17 18:50:03'),
(436, 3, 'usuario_update', 'Atualizou usuario #16', '2025-10-17 18:50:39'),
(437, 3, 'atendimento_delete', 'Removeu atendimento #180', '2025-10-17 18:51:18'),
(438, 3, 'duplicidade_responsavel', 'Definiu responsavel principal atendimento #127', '2025-10-17 18:51:30'),
(439, 3, 'atendimento_delete', 'Removeu atendimento #202', '2025-10-17 18:51:37'),
(440, 3, 'atendimento_delete', 'Removeu atendimento #181', '2025-10-17 18:51:48'),
(441, 3, 'atendimento_delete', 'Removeu atendimento #73', '2025-10-17 18:52:00'),
(442, 3, 'atendimento_delete', 'Removeu atendimento #206', '2025-10-17 18:52:16'),
(443, 3, 'atendimento_delete', 'Removeu atendimento #134', '2025-10-17 18:52:32'),
(444, 3, 'atendimento_delete', 'Removeu atendimento #66', '2025-10-17 18:52:43'),
(445, 3, 'atendimento_delete', 'Removeu atendimento #189', '2025-10-17 18:53:09'),
(446, 3, 'atendimento_delete', 'Removeu atendimento #61', '2025-10-17 18:53:20'),
(447, 3, 'atendimento_delete', 'Removeu atendimento #190', '2025-10-17 18:53:35'),
(448, 3, 'duplicidade_responsavel', 'Definiu responsavel principal atendimento #146', '2025-10-17 18:53:48'),
(449, 3, 'atendimento_delete', 'Removeu atendimento #69', '2025-10-17 18:53:53'),
(450, 3, 'duplicidade_responsavel', 'Definiu responsavel principal atendimento #193', '2025-10-17 18:54:04'),
(451, 3, 'atendimento_delete', 'Removeu atendimento #50', '2025-10-17 18:54:28'),
(452, 3, 'atendimento_delete', 'Removeu atendimento #149', '2025-10-17 18:54:39'),
(453, 3, 'atendimento_delete', 'Removeu atendimento #56', '2025-10-17 18:54:53'),
(454, 3, 'atendimento_delete', 'Removeu atendimento #194', '2025-10-17 18:55:02'),
(455, 3, 'atendimento_delete', 'Removeu atendimento #207', '2025-10-17 18:55:15'),
(456, 3, 'atendimento_delete', 'Removeu atendimento #49', '2025-10-17 18:55:27'),
(457, 3, 'atendimento_delete', 'Removeu atendimento #157', '2025-10-17 18:55:41'),
(458, 3, 'atendimento_delete', 'Removeu atendimento #158', '2025-10-17 18:55:50'),
(459, 3, 'atendimento_delete', 'Removeu atendimento #203', '2025-10-17 18:56:08'),
(460, 3, 'atendimento_delete', 'Removeu atendimento #168', '2025-10-17 18:56:23'),
(461, 3, 'duplicidade_responsavel', 'Definiu responsavel principal atendimento #41', '2025-10-17 18:56:31'),
(462, 3, 'atendimento_delete', 'Removeu atendimento #42', '2025-10-17 18:56:35'),
(463, 3, 'atendimento_delete', 'Removeu atendimento #52', '2025-10-17 18:56:47'),
(464, 3, 'duplicidade_responsavel', 'Definiu responsavel principal atendimento #178', '2025-10-17 18:56:54'),
(465, 3, 'atendimento_delete', 'Removeu atendimento #67', '2025-10-17 18:56:57'),
(466, 3, 'atendimento_delete', 'Removeu atendimento #217', '2025-10-17 18:57:08'),
(467, 3, 'duplicidade_responsavel', 'Definiu responsavel principal atendimento #193', '2025-10-17 18:57:38'),
(468, 3, 'atendimento_delete', 'Removeu atendimento #51', '2025-10-17 18:57:43'),
(469, 3, 'duplicidade_responsavel', 'Definiu responsavel principal atendimento #192', '2025-10-17 18:58:09'),
(470, 3, 'atendimento_delete', 'Removeu atendimento #39', '2025-10-17 18:58:14'),
(471, 3, 'atendimento_delete', 'Removeu atendimento #40', '2025-10-17 18:58:20'),
(472, 3, 'atendimento_delete', 'Removeu atendimento #58', '2025-10-17 18:58:29'),
(473, 3, 'atendimento_update', 'Atualizou atendimento #120', '2025-10-17 18:59:35'),
(474, 3, 'atendimento_update', 'Atualizou atendimento #100', '2025-10-17 19:01:04'),
(475, 3, 'atendimento_update', 'Atualizou atendimento #100', '2025-10-17 19:01:21'),
(476, 3, 'atendimento_update', 'Atualizou atendimento #146', '2025-10-17 19:02:04'),
(477, 3, 'atendimento_update', 'Atualizou atendimento #127', '2025-10-17 19:03:14'),
(478, 3, 'atendimento_update', 'Atualizou atendimento #109', '2025-10-17 19:03:56'),
(479, 3, 'atendimento_update', 'Atualizou atendimento #101', '2025-10-17 19:04:25'),
(480, 3, 'atendimento_update', 'Atualizou atendimento #101', '2025-10-17 19:04:50'),
(481, 3, 'atendimento_update', 'Atualizou atendimento #101', '2025-10-17 19:05:01'),
(482, 3, 'atendimento_update', 'Atualizou atendimento #101', '2025-10-17 19:05:10'),
(483, 3, 'atendimento_update', 'Atualizou atendimento #167', '2025-10-17 19:05:57'),
(484, 3, 'atendimento_update', 'Atualizou atendimento #192', '2025-10-17 19:06:28'),
(485, 3, 'atendimento_update', 'Atualizou atendimento #193', '2025-10-17 19:06:46'),
(486, 3, 'atendimento_update', 'Atualizou atendimento #178', '2025-10-17 19:07:53'),
(487, 3, 'atendimento_update', 'Atualizou atendimento #166', '2025-10-17 19:09:50'),
(488, 3, 'atendimento_update', 'Atualizou atendimento #166', '2025-10-17 19:10:34'),
(489, 3, 'atendimento_update', 'Atualizou atendimento #123', '2025-10-17 19:11:53'),
(490, 3, 'atendimento_update', 'Atualizou atendimento #165', '2025-10-17 19:12:29'),
(491, 3, 'atendimento_update', 'Atualizou atendimento #80', '2025-10-17 19:14:44'),
(492, 3, 'atendimento_update', 'Atualizou atendimento #164', '2025-10-17 19:18:47'),
(493, 3, 'atendimento_update', 'Atualizou atendimento #163', '2025-10-17 19:19:21'),
(494, 3, 'atendimento_update', 'Atualizou atendimento #163', '2025-10-17 19:19:37'),
(495, 3, 'atendimento_update', 'Atualizou atendimento #96', '2025-10-17 19:20:17'),
(496, 3, 'atendimento_update', 'Atualizou atendimento #97', '2025-10-17 19:20:50'),
(497, 3, 'atendimento_update', 'Atualizou atendimento #99', '2025-10-17 19:21:23'),
(498, 3, 'atendimento_update', 'Atualizou atendimento #99', '2025-10-17 19:21:31'),
(499, 3, 'atendimento_update', 'Atualizou atendimento #104', '2025-10-17 19:22:08'),
(500, 3, 'atendimento_update', 'Atualizou atendimento #105', '2025-10-17 19:22:39'),
(501, 3, 'atendimento_update', 'Atualizou atendimento #115', '2025-10-17 19:23:12'),
(502, 3, 'atendimento_update', 'Atualizou atendimento #116', '2025-10-17 19:23:43'),
(503, 3, 'atendimento_update', 'Atualizou atendimento #117', '2025-10-17 19:24:11'),
(504, 3, 'atendimento_update', 'Atualizou atendimento #124', '2025-10-17 19:24:39'),
(505, 3, 'atendimento_update', 'Atualizou atendimento #126', '2025-10-17 19:25:08'),
(506, 3, 'atendimento_update', 'Atualizou atendimento #128', '2025-10-17 19:25:51'),
(507, 3, 'atendimento_update', 'Atualizou atendimento #129', '2025-10-17 19:26:18'),
(508, 3, 'atendimento_update', 'Atualizou atendimento #130', '2025-10-17 19:26:42'),
(509, 3, 'atendimento_update', 'Atualizou atendimento #131', '2025-10-17 19:27:24'),
(510, 3, 'atendimento_update', 'Atualizou atendimento #132', '2025-10-17 19:27:56'),
(511, 3, 'atendimento_update', 'Atualizou atendimento #133', '2025-10-17 19:28:34'),
(512, 3, 'atendimento_update', 'Atualizou atendimento #135', '2025-10-17 19:29:06'),
(513, 3, 'atendimento_update', 'Atualizou atendimento #137', '2025-10-17 19:29:42'),
(514, 3, 'atendimento_update', 'Atualizou atendimento #139', '2025-10-17 19:30:12'),
(515, 3, 'atendimento_update', 'Atualizou atendimento #140', '2025-10-17 19:30:42'),
(516, 3, 'atendimento_update', 'Atualizou atendimento #141', '2025-10-17 19:31:23'),
(517, 3, 'atendimento_update', 'Atualizou atendimento #143', '2025-10-17 19:31:52'),
(518, 3, 'atendimento_update', 'Atualizou atendimento #144', '2025-10-17 19:32:37'),
(519, 3, 'atendimento_update', 'Atualizou atendimento #145', '2025-10-17 19:33:13'),
(520, 3, 'atendimento_update', 'Atualizou atendimento #147', '2025-10-17 19:33:53'),
(521, 3, 'atendimento_update', 'Atualizou atendimento #148', '2025-10-17 19:34:28'),
(522, 3, 'atendimento_update', 'Atualizou atendimento #145', '2025-10-17 19:34:40'),
(523, 3, 'atendimento_update', 'Atualizou atendimento #150', '2025-10-17 19:35:23'),
(524, 3, 'atendimento_update', 'Atualizou atendimento #151', '2025-10-17 19:36:05'),
(525, 3, 'atendimento_update', 'Atualizou atendimento #152', '2025-10-17 19:36:46'),
(526, 3, 'atendimento_update', 'Atualizou atendimento #153', '2025-10-17 19:37:22'),
(527, 3, 'atendimento_update', 'Atualizou atendimento #154', '2025-10-17 19:38:06'),
(528, 3, 'atendimento_update', 'Atualizou atendimento #156', '2025-10-17 19:38:43'),
(529, 3, 'atendimento_update', 'Atualizou atendimento #156', '2025-10-17 19:38:53'),
(530, 3, 'atendimento_update', 'Atualizou atendimento #156', '2025-10-17 19:39:16'),
(531, 3, 'atendimento_update', 'Atualizou atendimento #117', '2025-10-17 19:39:33'),
(532, 3, 'atendimento_update', 'Atualizou atendimento #132', '2025-10-17 19:39:45'),
(533, 3, 'atendimento_update', 'Atualizou atendimento #132', '2025-10-17 19:39:50'),
(534, 3, 'atendimento_update', 'Atualizou atendimento #153', '2025-10-17 19:39:59'),
(535, 3, 'atendimento_update', 'Atualizou atendimento #152', '2025-10-17 19:40:08'),
(536, 12, 'login', 'Login realizado', '2025-10-17 19:41:15'),
(537, 3, 'atendimento_update', 'Atualizou atendimento #104', '2025-10-17 19:41:25'),
(538, 3, 'atendimento_update', 'Atualizou atendimento #169', '2025-10-17 19:42:11'),
(539, 3, 'atendimento_update', 'Atualizou atendimento #169', '2025-10-17 19:42:25'),
(540, 3, 'atendimento_update', 'Atualizou atendimento #171', '2025-10-17 19:43:02'),
(541, 3, 'atendimento_update', 'Atualizou atendimento #175', '2025-10-17 19:43:26'),
(542, 3, 'atendimento_update', 'Atualizou atendimento #175', '2025-10-17 19:43:38'),
(543, 3, 'atendimento_update', 'Atualizou atendimento #177', '2025-10-17 19:44:04'),
(544, 3, 'atendimento_create', 'Criou atendimento #237', '2025-10-17 19:45:30'),
(545, 3, 'atendimento_create', 'Criou atendimento #238', '2025-10-17 19:46:05'),
(546, 3, 'atendimento_create', 'Criou atendimento #239', '2025-10-17 19:46:41'),
(547, 3, 'atendimento_create', 'Criou atendimento #240', '2025-10-17 19:47:37'),
(548, 3, 'atendimento_create', 'Criou atendimento #241', '2025-10-17 19:47:43'),
(549, 3, 'atendimento_create', 'Criou atendimento #242', '2025-10-17 19:54:44'),
(550, 3, 'atendimento_create', 'Criou atendimento #243', '2025-10-17 19:55:33'),
(551, 3, 'atendimento_create', 'Criou atendimento #244', '2025-10-17 19:56:12'),
(552, 3, 'atendimento_create', 'Criou atendimento #245', '2025-10-17 19:56:31'),
(553, 3, 'atendimento_create', 'Criou atendimento #246', '2025-10-17 19:56:50'),
(554, 3, 'atendimento_create', 'Criou atendimento #247', '2025-10-17 19:58:55'),
(555, 3, 'atendimento_update', 'Atualizou atendimento #94', '2025-10-17 19:59:19'),
(556, 3, 'atendimento_update', 'Atualizou atendimento #94', '2025-10-17 19:59:41'),
(557, 3, 'atendimento_create', 'Criou atendimento #248', '2025-10-17 20:00:17'),
(558, 3, 'atendimento_create', 'Criou atendimento #249', '2025-10-17 20:00:36'),
(559, 3, 'atendimento_create', 'Criou atendimento #250', '2025-10-17 20:01:13'),
(560, 3, 'atendimento_create', 'Criou atendimento #251', '2025-10-17 20:01:32'),
(561, 3, 'atendimento_create', 'Criou atendimento #252', '2025-10-17 20:01:57'),
(562, 3, 'atendimento_create', 'Criou atendimento #253', '2025-10-17 20:02:51'),
(563, 3, 'atendimento_create', 'Criou atendimento #254', '2025-10-17 20:03:42'),
(564, 3, 'atendimento_update', 'Atualizou atendimento #254', '2025-10-17 20:03:52'),
(565, 3, 'duplicidade_responsavel', 'Definiu responsavel principal atendimento #241', '2025-10-17 20:05:39'),
(566, 3, 'atendimento_delete', 'Removeu atendimento #240', '2025-10-17 20:05:45'),
(567, 3, 'atendimento_create', 'Criou atendimento #255', '2025-10-17 20:06:42'),
(568, 3, 'atendimento_delete', 'Removeu atendimento #43', '2025-10-17 20:07:14'),
(569, 3, 'atendimento_update', 'Atualizou atendimento #213', '2025-10-17 20:08:12'),
(570, 3, 'atendimento_update', 'Atualizou atendimento #65', '2025-10-17 20:09:15'),
(571, 3, 'atendimento_create', 'Criou atendimento #256', '2025-10-17 20:09:52'),
(572, 3, 'atendimento_update', 'Atualizou atendimento #68', '2025-10-17 20:15:47'),
(573, 3, 'atendimento_update', 'Atualizou atendimento #55', '2025-10-17 20:16:23'),
(574, 3, 'atendimento_create', 'Criou atendimento #257', '2025-10-17 20:17:03'),
(575, 3, 'atendimento_update', 'Atualizou atendimento #257', '2025-10-17 20:19:13'),
(576, 3, 'atendimento_update', 'Atualizou atendimento #253', '2025-10-17 20:20:13'),
(577, 3, 'atendimento_create', 'Criou atendimento #258', '2025-10-17 20:21:06'),
(578, 3, 'atendimento_create', 'Criou atendimento #259', '2025-10-17 20:22:14'),
(579, 3, 'atendimento_create', 'Criou atendimento #260', '2025-10-17 20:22:36'),
(580, 3, 'atendimento_create', 'Criou atendimento #261', '2025-10-17 20:23:01'),
(581, 3, 'atendimento_create', 'Criou atendimento #262', '2025-10-17 20:23:24'),
(582, 3, 'atendimento_create', 'Criou atendimento #263', '2025-10-17 20:23:54'),
(583, 3, 'atendimento_create', 'Criou atendimento #264', '2025-10-17 20:24:16'),
(584, 3, 'atendimento_create', 'Criou atendimento #265', '2025-10-17 20:24:36'),
(585, 3, 'atendimento_create', 'Criou atendimento #266', '2025-10-17 20:25:00'),
(586, 3, 'atendimento_create', 'Criou atendimento #267', '2025-10-17 20:25:20'),
(587, 3, 'atendimento_create', 'Criou atendimento #268', '2025-10-17 20:25:42'),
(588, 3, 'atendimento_create', 'Criou atendimento #269', '2025-10-17 20:26:22'),
(589, 3, 'atendimento_create', 'Criou atendimento #270', '2025-10-17 20:26:54'),
(590, 3, 'atendimento_create', 'Criou atendimento #271', '2025-10-17 20:27:22'),
(591, 3, 'atendimento_create', 'Criou atendimento #272', '2025-10-17 20:27:50'),
(592, 3, 'atendimento_create', 'Criou atendimento #274', '2025-10-17 20:28:32'),
(593, 3, 'duplicidade_responsavel', 'Definiu responsavel principal atendimento #274', '2025-10-17 20:28:45'),
(594, 3, 'atendimento_delete', 'Removeu atendimento #273', '2025-10-17 20:28:49'),
(595, 3, 'atendimento_create', 'Criou atendimento #275', '2025-10-17 20:29:17'),
(596, 3, 'atendimento_create', 'Criou atendimento #276', '2025-10-17 20:30:01'),
(597, 3, 'atendimento_create', 'Criou atendimento #277', '2025-10-17 20:30:30'),
(598, 3, 'atendimento_update', 'Atualizou atendimento #204', '2025-10-17 20:31:20'),
(599, 3, 'atendimento_update', 'Atualizou atendimento #185', '2025-10-17 20:33:43'),
(600, 3, 'atendimento_update', 'Atualizou atendimento #182', '2025-10-17 20:34:42'),
(601, 3, 'atendimento_update', 'Atualizou atendimento #183', '2025-10-17 20:35:19'),
(602, 3, 'atendimento_update', 'Atualizou atendimento #91', '2025-10-17 20:36:55'),
(603, 3, 'atendimento_update', 'Atualizou atendimento #215', '2025-10-17 20:39:35'),
(604, 3, 'atendimento_update', 'Atualizou atendimento #211', '2025-10-17 20:40:11'),
(605, 3, 'atendimento_update', 'Atualizou atendimento #218', '2025-10-17 20:40:38'),
(606, 3, 'atendimento_update', 'Atualizou atendimento #57', '2025-10-17 20:41:25'),
(607, 3, 'atendimento_update', 'Atualizou atendimento #71', '2025-10-17 20:41:59'),
(608, 3, 'atendimento_update', 'Atualizou atendimento #41', '2025-10-17 20:45:20'),
(609, 3, 'atendimento_update', 'Atualizou atendimento #41', '2025-10-17 20:45:29'),
(610, 3, 'atendimento_update', 'Atualizou atendimento #277', '2025-10-17 20:46:05'),
(611, 3, 'atendimento_update', 'Atualizou atendimento #275', '2025-10-17 20:47:00'),
(612, 3, 'atendimento_update', 'Atualizou atendimento #191', '2025-10-17 20:48:03'),
(613, 3, 'atendimento_update', 'Atualizou atendimento #75', '2025-10-17 20:49:41'),
(614, 3, 'atendimento_update', 'Atualizou atendimento #75', '2025-10-17 20:49:55'),
(615, 3, 'atendimento_update', 'Atualizou atendimento #79', '2025-10-17 20:50:22'),
(616, 3, 'atendimento_update', 'Atualizou atendimento #78', '2025-10-17 20:50:54'),
(617, 3, 'atendimento_update', 'Atualizou atendimento #186', '2025-10-17 20:51:31'),
(618, 3, 'atendimento_update', 'Atualizou atendimento #196', '2025-10-17 20:52:01'),
(619, 3, 'atendimento_update', 'Atualizou atendimento #188', '2025-10-17 20:52:47'),
(620, 3, 'atendimento_update', 'Atualizou atendimento #159', '2025-10-17 20:53:12'),
(621, 3, 'atendimento_update', 'Atualizou atendimento #199', '2025-10-17 20:53:52'),
(622, 3, 'atendimento_update', 'Atualizou atendimento #218', '2025-10-17 20:54:48'),
(623, 3, 'atendimento_update', 'Atualizou atendimento #211', '2025-10-17 20:55:12'),
(624, 3, 'atendimento_update', 'Atualizou atendimento #215', '2025-10-17 20:55:38'),
(625, 3, 'atendimento_update', 'Atualizou atendimento #253', '2025-10-17 21:00:24'),
(626, 12, 'login', 'Login realizado', '2025-10-17 21:02:32'),
(627, 3, 'login', 'Login realizado', '2025-10-17 23:47:18'),
(628, 3, 'login', 'Login realizado', '2025-10-18 08:52:57'),
(629, 3, 'login', 'Login realizado', '2025-10-20 17:29:18'),
(630, 3, 'atendimento_update', 'Atualizou atendimento #152', '2025-10-20 17:44:48'),
(631, 3, 'login', 'Login realizado', '2025-10-21 10:43:58'),
(632, 3, 'usuario_update', 'Atualizou usuario #6', '2025-10-21 10:45:36'),
(633, NULL, 'login', 'Login realizado', '2025-10-21 10:45:43'),
(634, 3, 'usuario_update', 'Atualizou usuario #5', '2025-10-21 10:45:56'),
(635, 3, 'usuario_update', 'Atualizou usuario #16', '2025-10-21 10:46:17'),
(636, NULL, 'login', 'Login realizado', '2025-10-21 10:46:30'),
(637, NULL, 'login', 'Login realizado', '2025-10-21 10:51:51'),
(638, NULL, 'atendimento_create', 'Criou atendimento #278', '2025-10-21 10:55:48'),
(639, 3, 'usuario_update', 'Atualizou usuario #4', '2025-10-21 11:07:17'),
(640, NULL, 'atendimento_delete', 'Removeu atendimento #253', '2025-10-21 11:14:55'),
(641, 3, 'login', 'Login realizado', '2025-10-21 11:28:39'),
(642, 3, 'usuario_update', 'Atualizou usuario #4', '2025-10-21 11:29:15'),
(643, 3, 'logout', 'Logout realizado', '2025-10-21 11:29:29'),
(644, NULL, 'login', 'Login realizado', '2025-10-21 11:29:52'),
(645, NULL, 'login', 'Login realizado', '2025-10-21 13:16:54'),
(646, 3, 'login', 'Login realizado', '2025-10-23 19:40:56'),
(647, NULL, 'login', 'Login realizado', '2025-10-24 08:58:53'),
(648, 3, 'login', 'Login realizado', '2025-10-26 12:34:54');
INSERT INTO `activities` (`id`, `user_id`, `action`, `details`, `created_at`) VALUES
(649, 3, 'logout', 'Logout realizado', '2025-10-26 12:36:34'),
(650, 3, 'login', 'Login realizado', '2025-10-26 12:37:47'),
(651, 3, 'logout', 'Logout realizado', '2025-10-26 12:38:15'),
(652, 3, 'login', 'Login realizado', '2025-10-27 15:17:42'),
(653, 3, 'login', 'Login realizado', '2025-10-27 16:09:28'),
(654, 3, 'atendimento_update', 'Atualizou atendimento #57', '2025-10-27 16:10:04'),
(655, 3, 'atendimento_update', 'Atualizou atendimento #57', '2025-10-27 16:11:57'),
(656, 3, 'atendimento_update', 'Atualizou atendimento #78', '2025-10-27 16:20:53'),
(657, NULL, 'login', 'Login realizado', '2025-10-27 16:35:06'),
(658, 7, 'login', 'Login realizado', '2025-10-28 10:14:56'),
(659, 7, 'atendimento_update', 'Atualizou atendimento #187', '2025-10-28 10:30:11'),
(660, 7, 'atendimento_update', 'Atualizou atendimento #74', '2025-10-28 10:39:21'),
(661, 7, 'atendimento_update', 'Atualizou atendimento #125', '2025-10-28 10:43:59'),
(662, 7, 'atendimento_update', 'Atualizou atendimento #78', '2025-10-28 10:48:56'),
(663, 7, 'atendimento_update', 'Atualizou atendimento #118', '2025-10-28 11:16:56'),
(664, NULL, 'login', 'Login realizado', '2025-10-28 11:17:00'),
(665, 7, 'atendimento_update', 'Atualizou atendimento #79', '2025-10-28 11:20:27'),
(666, 7, 'atendimento_update', 'Atualizou atendimento #75', '2025-10-28 11:24:22'),
(667, 7, 'atendimento_update', 'Atualizou atendimento #247', '2025-10-28 11:33:01'),
(668, 7, 'atendimento_update', 'Atualizou atendimento #80', '2025-10-28 11:37:01'),
(669, 7, 'atendimento_update', 'Atualizou atendimento #74', '2025-10-28 11:39:50'),
(670, 7, 'atendimento_update', 'Atualizou atendimento #208', '2025-10-28 11:42:51'),
(671, NULL, 'atendimento_update', 'Atualizou atendimento #57', '2025-10-28 11:44:27'),
(672, NULL, 'atendimento_update', 'Atualizou atendimento #159', '2025-10-28 11:50:27'),
(673, NULL, 'atendimento_update', 'Atualizou atendimento #188', '2025-10-28 11:56:05'),
(674, NULL, 'atendimento_update', 'Atualizou atendimento #153', '2025-10-28 12:07:33'),
(675, 7, 'atendimento_update', 'Atualizou atendimento #170', '2025-10-28 12:11:10'),
(676, NULL, 'atendimento_update', 'Atualizou atendimento #117', '2025-10-28 12:11:10'),
(677, NULL, 'atendimento_update', 'Atualizou atendimento #154', '2025-10-28 12:21:46'),
(678, NULL, 'atendimento_update', 'Atualizou atendimento #147', '2025-10-28 12:23:04'),
(679, 7, 'atendimento_update', 'Atualizou atendimento #81', '2025-10-28 12:25:31'),
(680, NULL, 'atendimento_update', 'Atualizou atendimento #144', '2025-10-28 12:27:03'),
(681, 7, 'atendimento_update', 'Atualizou atendimento #86', '2025-10-28 12:28:49'),
(682, NULL, 'atendimento_update', 'Atualizou atendimento #150', '2025-10-28 12:29:13'),
(683, 7, 'atendimento_update', 'Atualizou atendimento #83', '2025-10-28 12:31:49'),
(684, 7, 'atendimento_update', 'Atualizou atendimento #82', '2025-10-28 12:33:27'),
(685, 7, 'atendimento_update', 'Atualizou atendimento #84', '2025-10-28 12:36:23'),
(686, 7, 'atendimento_update', 'Atualizou atendimento #90', '2025-10-28 12:38:25'),
(687, 7, 'atendimento_update', 'Atualizou atendimento #85', '2025-10-28 12:39:16'),
(688, 7, 'atendimento_update', 'Atualizou atendimento #236', '2025-10-28 12:41:01'),
(689, 7, 'atendimento_update', 'Atualizou atendimento #233', '2025-10-28 12:43:15'),
(690, NULL, 'atendimento_update', 'Atualizou atendimento #143', '2025-10-28 12:46:50'),
(691, 7, 'atendimento_update', 'Atualizou atendimento #236', '2025-10-28 12:47:44'),
(692, 7, 'atendimento_update', 'Atualizou atendimento #232', '2025-10-28 12:50:30'),
(693, 7, 'atendimento_update', 'Atualizou atendimento #235', '2025-10-28 12:52:41'),
(694, NULL, 'atendimento_update', 'Atualizou atendimento #140', '2025-10-28 12:53:22'),
(695, 7, 'atendimento_update', 'Atualizou atendimento #234', '2025-10-28 12:54:34'),
(696, NULL, 'atendimento_update', 'Atualizou atendimento #135', '2025-10-28 12:56:03'),
(697, NULL, 'atendimento_update', 'Atualizou atendimento #133', '2025-10-28 13:16:50'),
(698, NULL, 'atendimento_update', 'Atualizou atendimento #115', '2025-10-28 13:19:45'),
(699, NULL, 'atendimento_update', 'Atualizou atendimento #105', '2025-10-28 13:29:17'),
(700, NULL, 'atendimento_update', 'Atualizou atendimento #99', '2025-10-28 13:36:54'),
(701, NULL, 'atendimento_update', 'Atualizou atendimento #99', '2025-10-28 13:44:35'),
(702, NULL, 'atendimento_update', 'Atualizou atendimento #99', '2025-10-28 13:45:50'),
(703, NULL, 'login', 'Login realizado', '2025-10-28 15:04:17'),
(704, 3, 'login', 'Login realizado', '2025-10-28 17:34:14'),
(705, 3, 'usuario_status', 'DESATIVAR usuario #12', '2025-10-28 17:34:24'),
(706, 3, 'usuario_status', 'DESATIVAR usuario #6', '2025-10-28 17:34:28'),
(707, 3, 'usuario_update', 'Atualizou usuario #5', '2025-10-28 17:45:11'),
(708, 3, 'usuario_create', 'Criou usuario #17', '2025-10-28 17:45:59'),
(709, 3, 'usuario_delete', 'Excluiu usuário #5 (Talyta)', '2025-10-28 17:49:27'),
(710, 3, 'usuario_delete', 'Excluiu usuário #4 (Rosimeire)', '2025-10-28 17:49:35'),
(711, 3, 'usuario_delete', 'Excluiu usuário #16 (Renato)', '2025-10-28 17:49:39'),
(712, 3, 'usuario_delete', 'Excluiu usuário #6 (Thiago)', '2025-10-28 17:49:44'),
(713, 3, 'usuario_status', 'ATIVAR usuario #12', '2025-10-28 17:49:51'),
(714, 3, 'usuario_delete', 'Excluiu usuário #8 (Jamil)', '2025-10-28 17:49:56'),
(715, 3, 'usuario_update', 'Atualizou usuario #7', '2025-10-28 18:02:17'),
(716, 17, 'login', 'Login realizado', '2025-10-28 21:55:26'),
(717, 17, 'logout', 'Logout realizado', '2025-10-28 21:55:41'),
(718, 3, 'login', 'Login realizado', '2025-10-28 21:55:51'),
(719, 3, 'usuario_update', 'Atualizou usuario #17', '2025-10-28 22:00:21'),
(720, 3, 'usuario_update', 'Atualizou usuario #12', '2025-10-28 22:00:39'),
(721, 3, 'usuario_update', 'Atualizou usuario #3', '2025-10-28 22:01:08'),
(722, 3, 'usuario_update', 'Atualizou usuario #7', '2025-10-28 22:01:24'),
(723, 3, 'logout', 'Logout realizado', '2025-10-28 22:24:20'),
(724, 17, 'login', 'Login realizado', '2025-10-28 22:24:21'),
(725, 17, 'logout', 'Logout realizado', '2025-10-28 22:24:24'),
(726, 3, 'login', 'Login realizado', '2025-10-28 22:24:32'),
(727, 3, 'usuario_update', 'Atualizou usuario #17', '2025-10-28 22:24:48'),
(728, 3, 'logout', 'Logout realizado', '2025-10-28 22:24:53'),
(729, 17, 'login', 'Login realizado', '2025-10-28 22:24:55'),
(730, 17, 'logout', 'Logout realizado', '2025-10-28 22:28:15'),
(731, 3, 'login', 'Login realizado', '2025-10-28 22:28:21'),
(732, 3, 'logout', 'Logout realizado', '2025-10-28 22:28:37'),
(733, 3, 'login', 'Login realizado', '2025-10-28 22:31:21'),
(734, 3, 'usuario_update', 'Atualizou usuario #7', '2025-10-28 22:32:00'),
(735, 3, 'usuario_update', 'Atualizou usuario #17', '2025-10-28 22:32:12'),
(736, 3, 'logout', 'Logout realizado', '2025-10-28 22:37:37'),
(737, 17, 'login', 'Login realizado', '2025-10-28 22:37:38'),
(738, 17, 'logout', 'Logout realizado', '2025-10-28 22:40:36'),
(739, 3, 'login', 'Login realizado', '2025-10-28 22:40:42'),
(740, 3, 'municipio_create', 'Criou município São Paulo', '2025-10-28 23:10:31'),
(741, 3, 'municipio_create', 'Criou município Rio de Janeiro', '2025-10-28 23:10:51'),
(742, 3, 'logout', 'Logout realizado', '2025-10-28 23:10:55'),
(743, 17, 'login', 'Login realizado', '2025-10-28 23:10:56'),
(744, 17, 'logout', 'Logout realizado', '2025-10-28 23:11:20'),
(745, 17, 'login', 'Login realizado', '2025-10-29 07:20:48'),
(746, 17, 'atendimento_create', 'Criou atendimento #279', '2025-10-29 07:21:16'),
(747, 17, 'logout', 'Logout realizado', '2025-10-29 07:21:24'),
(748, 3, 'login', 'Login realizado', '2025-10-29 07:21:46'),
(749, 3, 'usuario_update', 'Atualizou usuario #17', '2025-10-29 07:29:29'),
(750, 3, 'logout', 'Logout realizado', '2025-10-29 07:29:31'),
(751, 17, 'login', 'Login realizado', '2025-10-29 07:29:32'),
(752, 17, 'logout', 'Logout realizado', '2025-10-29 07:29:51'),
(753, 3, 'login', 'Login realizado', '2025-10-29 07:30:34'),
(754, 3, 'usuario_update', 'Atualizou usuario #17', '2025-10-29 07:30:49'),
(755, 3, 'logout', 'Logout realizado', '2025-10-29 07:30:55'),
(756, 17, 'login', 'Login realizado', '2025-10-29 07:30:56'),
(757, 17, 'logout', 'Logout realizado', '2025-10-29 07:31:03'),
(758, 3, 'login', 'Login realizado', '2025-10-29 07:31:30'),
(759, 17, 'login', 'Login realizado', '2025-11-21 20:55:41'),
(760, 17, 'logout', 'Logout realizado', '2025-11-21 20:56:15'),
(761, 3, 'login', 'Login realizado', '2025-11-21 20:56:27'),
(762, 3, 'logout', 'Logout realizado', '2025-11-21 21:36:12'),
(763, 17, 'login', 'Login realizado', '2025-11-21 21:36:13'),
(764, 17, 'logout', 'Logout realizado', '2025-11-21 21:36:19'),
(765, 17, 'login', 'Login realizado', '2025-11-21 21:36:24'),
(766, 17, 'logout', 'Logout realizado', '2025-11-21 21:36:28');

-- --------------------------------------------------------

--
-- Estrutura para tabela `atendimentos`
--

CREATE TABLE `atendimentos` (
  `id` int(11) NOT NULL,
  `municipio_id` int(11) NOT NULL,
  `representante_id` int(11) DEFAULT NULL,
  `representante_nome_externo` varchar(150) DEFAULT NULL,
  `periodo_relatorio` varchar(100) DEFAULT NULL,
  `secretaria_escola` varchar(150) DEFAULT NULL,
  `contato_principal` varchar(150) DEFAULT NULL,
  `status_visita` varchar(100) DEFAULT NULL,
  `observacoes` text DEFAULT NULL,
  `tipo_contato` varchar(100) DEFAULT NULL,
  `data_contato` date DEFAULT NULL,
  `situacao_atual` varchar(120) DEFAULT NULL,
  `valor_proposta` decimal(12,2) DEFAULT NULL,
  `itens_projeto` text DEFAULT NULL,
  `data_envio` date DEFAULT NULL,
  `status_proposta` varchar(120) DEFAULT NULL,
  `previsao_fechamento` date DEFAULT NULL,
  `dificuldades` text DEFAULT NULL,
  `acoes_futuras` text DEFAULT NULL,
  `observacoes_gerais` text DEFAULT NULL,
  `responsavel_principal` tinyint(1) NOT NULL DEFAULT 0,
  `status_geral` enum('ATIVO','CONCLUIDO','ARQUIVADO') NOT NULL DEFAULT 'ATIVO',
  `created_at` datetime NOT NULL DEFAULT current_timestamp(),
  `updated_at` datetime NOT NULL DEFAULT current_timestamp() ON UPDATE current_timestamp()
) ENGINE=InnoDB DEFAULT CHARSET=utf8mb4 COLLATE=utf8mb4_unicode_ci;

--
-- Despejando dados para a tabela `atendimentos`
--

INSERT INTO `atendimentos` (`id`, `municipio_id`, `representante_id`, `representante_nome_externo`, `periodo_relatorio`, `secretaria_escola`, `contato_principal`, `status_visita`, `observacoes`, `tipo_contato`, `data_contato`, `situacao_atual`, `valor_proposta`, `itens_projeto`, `data_envio`, `status_proposta`, `previsao_fechamento`, `dificuldades`, `acoes_futuras`, `observacoes_gerais`, `responsavel_principal`, `status_geral`, `created_at`, `updated_at`) VALUES
(55, 135, 3, NULL, '05/09/2025', NULL, NULL, NULL, NULL, NULL, NULL, NULL, NULL, NULL, NULL, NULL, NULL, NULL, NULL, NULL, 0, 'ATIVO', '2025-09-21 02:27:08', '2025-10-17 20:16:23'),
(65, 69, 3, NULL, '05/09/2025', NULL, NULL, NULL, NULL, NULL, NULL, NULL, NULL, NULL, NULL, NULL, NULL, NULL, NULL, NULL, 0, 'ATIVO', '2025-09-21 02:27:08', '2025-10-17 20:09:15'),
(68, 134, 3, NULL, '05/09/2025', NULL, NULL, 'EM ANDAMENTO', NULL, 'EMAIL', NULL, NULL, NULL, NULL, NULL, NULL, NULL, NULL, NULL, NULL, 0, 'ATIVO', '2025-09-21 02:27:08', '2025-10-17 20:15:47'),
(71, 43, 3, NULL, '05/09/2025', NULL, NULL, NULL, NULL, 'EMAIL', NULL, NULL, NULL, NULL, NULL, NULL, NULL, NULL, NULL, NULL, 0, 'ATIVO', '2025-09-21 02:27:08', '2025-10-17 20:41:59'),
(74, 142, 7, NULL, '06 MESES', 'Secretaria Municipal de Educação', 'ORLANDA E LEZIANE E RAYSA', 'VISITEI MUNICIPIO', 'MUNICÍPIO UNIFORMES PROFISSIONAL E  ESCOLAR, KIT ESOLAR E ESPECIAL, CONJUNTOS ALUNOS E PROJETOS LITERÁRIOS, ATA DE REFORMAS PARA ATENDER CÂMARA E OUTROS SECRETARIAS.', 'APRESENTAÇÃO DA NOSSAS ATA E PROJETOS', '2025-10-22', 'TEM INTERESE UNIFORMES E KIT ESCOLAR E CONJUNTOS ALUNOS', 151279.00, 'UNIFORMES PROFISSIONAL E  ESCOLAR, KIT ESOLAR E ESPECIAL, CONJUNTOS ALUNOS E PROJETOS LITERÁRIOS, ATA DE REFORMAS PARA ATENDER CÂMARA E OUTROS SECRETARIAS.', '2025-10-22', 'AUARDANDO O QUANTITATIVO ALUNOS', '2025-09-30', 'AGUARDANDO TRAMITE PROCESSO E QUANTITATIVOS DE ALUNOS PARA ADESÃO FUTURA.', 'VISITAR A CIDADE DIA 15/11/2025 PARA O EVENTO DE PROCLAMAÇÃO DA REPÚBLICA.', 'AGUARDANDO PRODUÇÃO E ENTREGA DOS UNIFORMES PROFISSINAL PRAZO ENTREGA PARA EDUCAÇÃO 15/11/2025.', 0, 'ATIVO', '2025-09-21 02:31:45', '2025-10-28 11:39:50'),
(75, 143, 7, NULL, '16/09/2025 a 30/01/2025', 'Secretaria de Educação  e Prefeito', 'Merson SME', 'Realizada e aguardando agenda nova visita', NULL, 'Whatsaap', '2025-10-27', 'TEM INTERESE UNIFORMES e KIT ESCOLAR E PARQUE E PISO 2026', 367167.35, 'TEM INTERESE UNIFORMES e KIT ESCOLAR, MATERIAL DE EXPEDIENTE E PARQUE E PISO 2026 .', '2025-10-27', 'AUARDANDO O QUANTITATIVO ALUNOS', '2025-12-12', 'TRÂMITE DOCUMENTAÇOES', 'FAZER NOVA VISITA ,', NULL, 0, 'ATIVO', '2025-09-21 02:31:45', '2025-10-28 11:24:22'),
(78, 145, 7, NULL, '16/09/2025 a 01/12/2026', 'Secretaria de Educação', 'SME ITAUANA', 'Realizada', 'JA VENDI NO MUNICÍPIO PAGA CERTINHO.', 'PRESENCIAL', '2025-10-23', 'TEM INTERESE UNIFORMES  E PROJETOS EDUCACIONAL ESTA EM ANÁLISE', NULL, 'UNIFORMES ESCOLAR, MOVEIS ESCOLAR E  COOPORATIVOS E PROJETOS EDITORIAL.', '2025-10-23', 'AUARDANDO O QUANTITATIVO ALUNOS PARA ADESÃO 2026', '2025-12-12', 'SEM DIFICULDADES', 'MANTER RELACIONAMENTO E VISITAS FUTURAS.', NULL, 0, 'ATIVO', '2025-09-21 02:31:45', '2025-10-28 10:48:56'),
(79, 37, 7, NULL, '16/09/2025 a 11/12/2025', 'SECRETARIA DE EDUCAÇÃO', 'MARLENE SME', 'AGENDAR NOVA VISITA', 'JA VENDI UNIFORMES E QUER MANTER MESMO MODELO', 'Whatsaap', '2025-10-24', 'TEM INTERESE UNIFORMES 2026', NULL, 'UNIFORMES ESCOLAR', '2025-10-24', 'AUARDANDO O QUANTITATIVO ALUNOS', '2026-01-30', 'AGUARDANDO QUANTITATIVOS DE ALUNOS PARA ANO 2026.', 'VISITA NA REGIÃO.', NULL, 0, 'ATIVO', '2025-09-21 02:31:45', '2025-10-28 11:20:27'),
(80, 32, 7, NULL, '16/09/2025 a 11/12/2025', 'SECRETARIA DE EDUCAÇÃO', 'EDUARDO SME', 'Realizada e aguardando agenda nova visita', 'MANTER RELACIONAMENTO', 'Whatsaap', '2025-10-27', 'TEM INTERESE KIT ESCOLAR E ESPECIAL', 147871.07, 'KIT ESOLAR PARA EXERCÍCIOS 2025 E ANO 2026 UNIFORMES APRESNTAR PROPOSTA MOCHILAS DE COURO.', '2025-09-15', 'AGURDANDO HOMOLOGAÇÃO DA ATA KIT ESCOLAR.', '2025-12-31', 'MOCHILAS DE COURO', 'FAZER NOVAS VISITAS', NULL, 0, 'ATIVO', '2025-09-21 02:31:45', '2025-10-28 11:37:01'),
(81, 49, 7, NULL, '15/09/2025 a 11/12/2025', 'SECRETARIA DE EDUCAÇÃO', 'JULIANA MAZEIS', 'Realizada', 'UNIFORMES 2026', 'PRESENCIAL', '2025-10-22', 'TEM INTERESE ADESÃO ATA', NULL, 'UNIFORMES E KIT ESCOLAR', '2025-10-22', 'AUARDANDO O QUANTITATIVO ALUNOS', '2025-12-31', 'APROVAÇÃO DE RECURSOS PELA PREFEITURA', NULL, NULL, 0, 'ATIVO', '2025-09-21 02:31:45', '2025-10-28 12:25:31'),
(82, 48, 7, NULL, '15/09/2025 a 11/12/2025', 'SECRETARIA DE EDUCAÇÃO', 'ILZA SME', 'Realizada', 'PISO MODULAR E MOBILIARIO', 'PRESENCIAL E WHATSAPP', '2025-10-20', 'TEM INTERESE UNIFORMES E PISO MODULAR', NULL, 'PISO MODULAR', '2025-10-17', 'AUARDANDO O QUANTITATIVO ALUNOS E PLANTA BAIXA', '2026-01-30', 'PLANTA BAIXA DO LOCAL E OFICIO', NULL, NULL, 0, 'ATIVO', '2025-09-21 02:31:45', '2025-10-28 12:33:27'),
(83, 132, 7, NULL, '20/10/2025 a 02/02/2026', 'SECRETARIA DE EDUCAÇÃO', 'NELCI SME', 'Realizada', 'SALA SENSORIAL KIT LICITAÇÃO 2026 POR EMENDA PARLAMENTAR', 'PRESENCIAL E WHATSAPP', '2025-10-20', 'TEM INTERESE KIT ESPECIAL E UNIFORMES', NULL, 'UNIFORMES, KIT ESCOLAR E ESPECIAL 2026', '2025-10-20', 'AUARDANDO O QUANTITATIVO ALUNOS', '2025-12-31', 'RESISTENCIA DE  ADESÃO ATA', 'VISITA E MANTER RELACIONAMENTOS SME NELCI', NULL, 0, 'ATIVO', '2025-09-21 02:31:45', '2025-10-28 12:31:49'),
(84, 28, 7, NULL, '15/09/2025 a 11/12/2025', 'SECRETARIA DE EDUCAÇÃO', 'SILVANA E EDNA COORDENADORA PEDAGÓGICA', 'Realizada agendar nova visita.', 'SALA SENSORIAL E MATERIA INCLUSÃO GLOBAL', 'Whatsaap', NULL, 'INTERESSE SALA SENSORIAL E UNIFORMES 2026', NULL, 'UNIFORMES E SALA SENSORIAL', '2025-10-20', NULL, NULL, NULL, NULL, NULL, 0, 'ATIVO', '2025-09-21 02:31:45', '2025-10-28 12:36:23'),
(85, 137, 7, NULL, '15/09/2025 a 11/12/2025', 'SECRETARIA DE EDUCAÇÃO', 'VAGNER SME', 'Realizada', 'SALA SENSORIAL', 'Whatsaap', '2025-10-20', NULL, NULL, NULL, '2025-12-30', NULL, NULL, NULL, NULL, NULL, 0, 'ATIVO', '2025-09-21 02:31:45', '2025-10-28 12:39:16'),
(86, 7, 7, NULL, '15/09/2025 a 11/12/2025', 'SECRETARIA DE EDUCAÇÃO', 'CLERIA SME', 'Realizada agenda nova visita', 'SET PARA ANO 2026 UNIFORMES SO 2026 COM APROVAÇÃO PREFEITURA', 'WHATSAPP', '2025-10-20', 'TEM INTERESE UNIFORMES  E PROJETOS EDUCACIONAL ESTA EM ANÁLISE', NULL, 'SET E UNIFORMES 2026', '2025-10-20', 'ENVIEI  E CATÁLOGO', '2025-12-31', 'APROVAÇÃO DO PREFEITO', NULL, NULL, 0, 'ATIVO', '2025-09-21 02:31:45', '2025-10-28 12:28:49'),
(88, 11, 7, NULL, '15/09/2025 a 11/12/2025', 'SECRETARIA DE EDUCAÇÃO', 'ROSI SME E PREFEITO CEZALPINO', 'Realizada', 'SISTEMA ESTRUTURADOS E MOBILIARIOS E UNIFORMES', NULL, NULL, NULL, NULL, NULL, NULL, NULL, NULL, NULL, NULL, NULL, 0, 'ATIVO', '2025-09-21 02:31:45', '2025-09-21 02:31:45'),
(89, 100, 7, NULL, '15/09/2025 a 11/12/2025', 'SECRETARIA DE EDUCAÇÃO', 'KAMILA SME', 'Realizada', 'PISO MODULAR E MOBILIARIO', NULL, NULL, NULL, NULL, NULL, NULL, NULL, NULL, NULL, NULL, NULL, 0, 'ATIVO', '2025-09-21 02:31:45', '2025-09-21 02:31:45'),
(90, 76, 7, NULL, '15/09/2025 a 11/12/2025', 'SECRETARIA DE EDUCAÇÃO', 'THIAGO PREFEITO', 'Realizada', 'SISTEMA ESTRUTURADOS E MOBILIARIOS E UNIFORMES', 'Whatsaap', '2025-10-20', NULL, NULL, 'UNIFORMES 2026', NULL, NULL, '2025-12-30', NULL, NULL, NULL, 0, 'ATIVO', '2025-09-21 02:31:45', '2025-10-28 12:38:25'),
(91, 138, 7, NULL, '15/09/2025 a 11/12/2025', 'SECRETARIA DE EDUCAÇÃO', 'Geovania sme', 'Realizada', 'UNIORMES', NULL, NULL, NULL, NULL, NULL, NULL, NULL, NULL, NULL, NULL, NULL, 0, 'ATIVO', '2025-09-21 02:31:45', '2025-09-21 02:31:45'),
(92, 57, 7, NULL, '15/09/2025 a 11/12/2025', 'SECRETARIA DE EDUCAÇÃO', 'CARINE SME', 'Realizada', 'UNIFORMES SO 2026  E MOBILIARIO E REFORMAS', NULL, NULL, NULL, NULL, NULL, NULL, NULL, NULL, NULL, NULL, NULL, 0, 'ATIVO', '2025-09-21 02:31:45', '2025-09-21 02:31:45'),
(98, 13, 7, NULL, NULL, 'Secretaria Municipal de Educação', 'GRAZI', NULL, NULL, 'Undime e telefone', '2025-10-17', NULL, NULL, NULL, NULL, NULL, NULL, NULL, NULL, NULL, 0, 'ATIVO', '2025-09-21 02:42:33', '2025-10-17 10:54:37'),
(118, 36, 7, NULL, '06/09/2025', 'Secretaria Municipal de Educação', 'JÉSSICA SETOR DE COMPRA', 'Realizada', 'JÉSSICA FICOU DE LIGAR EM UNIÃO DO SUL PARA PEDIU APOIO NA CONTRATAÇÃO DE UNIFORMES .', 'PRESENCIAL', '2025-10-22', 'TEM INTERESSE ADESÃO UNIFORMES', NULL, 'UNIFORMES ESCOLAR E MOVEIS', '2025-10-22', 'AUARDANDO O QUANTITATIVO ALUNOS', '2025-12-30', 'ADESÃO DE ATA POR  LOTES', 'MANTER RELACIONAMENTOS', NULL, 0, 'ATIVO', '2025-09-21 02:42:33', '2025-10-28 11:16:56'),
(123, 44, 3, NULL, '06/09/2025', 'Secretaria Municipal de Educação', NULL, NULL, NULL, NULL, NULL, NULL, NULL, NULL, NULL, NULL, NULL, NULL, NULL, NULL, 0, 'ATIVO', '2025-09-21 02:42:33', '2025-10-17 19:11:53'),
(125, 54, 7, NULL, '06 MESES', 'Secretaria Municipal de Educação', 'VANIA SECRETÁRIA DE EDUCAÇÃO', 'VISITEI MUNICIPIO', 'AGUARDANDO HOMOLOGAÇÃO DA ATA DO KIT ESPECIAL E QUANTITATIVOS DE ALUNOS PARA ADESÃO.', NULL, '2025-10-22', NULL, NULL, 'KIT ESCOLAR ESPECIAL E PISO MODULAR.', '2025-10-22', 'AUARDANDO O QUANTITATIVO ALUNOS E HOMOLOGAÇÃO DA ATA', '2026-01-01', 'RESISTÊNCIA DA SECRETÁRIA REFERENCIA A PESSOAS E EMPRESAS CONTRATAÇÃO.', 'FAZER NOVAS VISITAS', 'MANTER CONTATO CONSTANTE PARA RELACIONMENTOS.', 0, 'ATIVO', '2025-09-21 02:42:33', '2025-10-28 10:43:59'),
(145, 106, 3, NULL, '06/09/2025', 'Esporte Secretaria Municipal', 'Secretário', NULL, NULL, 'presencial e telefone', '2025-07-29', NULL, NULL, NULL, '2025-07-03', NULL, NULL, NULL, NULL, NULL, 0, 'ATIVO', '2025-09-21 02:42:33', '2025-10-17 19:34:40'),
(170, 19, 7, NULL, '06 MESES', 'Secretaria Municipal de Educação', 'HERMES  - Secretário', 'Realizada FAZER NOVA VISITA', NULL, 'Whatsaap', '2025-10-21', 'AGUARDANDO RETORNO ANÁLISE CATÁLOGO', NULL, 'UNIFORMES E KIT ESCOLAR', '2025-10-20', 'SEM PROPOSTA', '2025-12-31', 'AGENDAR VISITA', 'MANTER O RELACIOANEMENTOS', NULL, 0, 'ATIVO', '2025-09-21 03:19:14', '2025-10-28 12:11:10'),
(187, 85, 7, NULL, '06 MESES', 'Secretaria Municipal de Educação', 'Helena - Secretária/ MAITÊ E CLECI COORD. SALA EVA', 'VISITEI MUNICIPIO', 'MAITÊ EE CLECI  FICOU DE ENCAMINHAR O QUANTITATIVOS DE ALUNOS PARA PROJEÇOES FUTURAS.', 'APRESENTAÇÃO NOSSAS A NOSSA ATA E PROJETOS', '2025-10-21', 'TEM INTERESE KIT ESPECIAL PARA SALA EVA', NULL, 'FALEI COM MAITÊ SETOR COMPRAS E LICITAÇÃO E CLECI RESPONSAVEL PELA SALA EVA E FUTURA SALA SENSORIAL, ADUZ QUE SECRETARIA NÃO ACEITA ADESÃO ATA PARA PEDAGÓGICO POREM EM RELAÇÃO ADESÃO ATA DO KIT ESPECIAL TEM INTERESSE VAI AGUARDAR HOMOLOGAÇÃO DA ATA.', '2025-10-21', 'MOSTREI O KIT E CATÁLOGO PROJETOS INCLUSÃO', NULL, 'ACESSO A SECRTÁRIA ESTAVA EM REUNIÃO', 'FAZER VISITAS CONSTANTE E RELACIONAMENTOS.', NULL, 0, 'ATIVO', '2025-09-21 03:19:14', '2025-10-28 10:30:11'),
(198, 146, 7, NULL, NULL, 'Secretaria Municipal de Educação', 'ANDRE PREFEITO', NULL, NULL, 'Telefone', '2025-10-17', NULL, NULL, NULL, NULL, NULL, NULL, NULL, NULL, NULL, 0, 'ATIVO', '2025-09-21 03:19:14', '2025-10-17 10:53:08'),
(208, 39, 7, NULL, '06/09/2025', 'Secretaria Municipal de Educação', 'Selma', 'Realizada agendar nova visita.', NULL, 'Whatsaap', '2025-10-23', 'TEM INTERESE UNIFORMES  E PROJETOS EDUCACIONAL ESTA EM ANÁLISE', NULL, 'UNIFORMES E KIT ESCOLA E MOVEIS 2026', '2025-10-23', 'AUARDANDO O QUANTITATIVO ALUNOS', '2026-01-30', 'ACESSO A AGENDAR NOVA VISITA', 'AGENDAR NOVA VISITA', NULL, 0, 'ATIVO', '2025-09-21 03:24:04', '2025-10-28 11:42:51'),
(213, 65, 3, NULL, '06/09/2025', 'Secretaria Municipal de Educação', 'Secretário Prof. Ericson', NULL, 'Apresentado Atas', NULL, NULL, NULL, NULL, NULL, NULL, NULL, NULL, NULL, NULL, NULL, 0, 'ATIVO', '2025-09-21 03:24:04', '2025-10-17 20:08:12'),
(232, 20, 7, NULL, '06 MESES', 'SECRETARIA DE EDUCAÇÃO', 'Margareth e Nádia coord. pedagogia', 'undime e visita', NULL, 'PRESENCIAL', '2025-10-20', 'TEM INTERESE UNIFORMES 2026', NULL, 'UFORMES E KIT ESCOLAR', '2025-10-20', 'AUARDANDO O QUANTITATIVO ALUNOS', NULL, NULL, 'REALIZR NOVA VISITAS', NULL, 0, 'ATIVO', '2025-10-17 10:50:14', '2025-10-28 12:50:30'),
(233, 91, 7, NULL, '06 MESES', 'SECRETARIA DE EDUCAÇÃO', 'LU SANTOS', 'VISITA UNDIME', NULL, 'PRESENCIAL', '2025-10-20', 'TEM INTERESE UNIFORMES  E PROJETOS EDUCACIONAL ESTA EM ANÁLISE', NULL, 'UNIFORMES, KIT ESCOLAR E SET', NULL, 'AUARDANDO O QUANTITATIVO ALUNOS', '2026-02-27', 'AGURDANDO O QUANTITATIVOS', 'REALIZAR VISITA', NULL, 0, 'ATIVO', '2025-10-17 10:51:16', '2025-10-28 12:43:15'),
(234, 110, 7, NULL, NULL, NULL, NULL, NULL, NULL, NULL, '2025-10-17', NULL, NULL, NULL, NULL, NULL, NULL, NULL, NULL, NULL, 0, 'ATIVO', '2025-10-17 11:00:48', '2025-10-17 11:00:48'),
(235, 147, 7, NULL, '06 MESES', 'SECRETARIA DE SAUDE', 'ANDER', 'VISITA STAND MM', NULL, 'Whatsaap E PRESENCIAL', '2025-10-20', 'TEM INTERESE MOVEIS HOSPITALAR', NULL, 'MOVEIS HOSPITALAR', '2025-10-20', 'AUARDANDO O QUANTITATIVO ALUNOS', NULL, NULL, NULL, NULL, 0, 'ATIVO', '2025-10-17 11:01:59', '2025-10-28 12:52:41'),
(236, 90, 7, NULL, '06 MESES', 'SECRETARIA DE EDUCAÇÃO', 'REGINA SME', 'AGENDAR NOVA VISITA', NULL, 'Whatsaap E PRESENCIAL', '2025-10-17', NULL, NULL, 'SET E EUNIFORMES E KIT ESCOLAR.', '2025-10-20', NULL, NULL, NULL, 'FAZER NOVA VISITA', NULL, 0, 'ATIVO', '2025-10-17 11:03:42', '2025-10-28 12:47:44'),
(237, 14, 3, NULL, NULL, NULL, NULL, NULL, NULL, NULL, NULL, NULL, NULL, NULL, NULL, NULL, NULL, NULL, NULL, NULL, 0, 'ATIVO', '2025-10-17 19:45:30', '2025-10-17 19:45:30'),
(238, 71, 3, NULL, NULL, NULL, NULL, NULL, NULL, NULL, NULL, NULL, NULL, NULL, NULL, NULL, NULL, NULL, NULL, NULL, 0, 'ATIVO', '2025-10-17 19:46:05', '2025-10-17 19:46:05'),
(241, 72, 3, NULL, NULL, NULL, NULL, NULL, NULL, NULL, NULL, NULL, NULL, NULL, NULL, NULL, NULL, NULL, NULL, NULL, 1, 'ATIVO', '2025-10-17 19:47:42', '2025-10-17 20:05:39'),
(244, 104, 3, NULL, NULL, NULL, NULL, NULL, NULL, NULL, NULL, NULL, NULL, NULL, NULL, NULL, NULL, NULL, NULL, NULL, 0, 'ATIVO', '2025-10-17 19:56:12', '2025-10-17 19:56:12'),
(245, 74, 3, NULL, NULL, NULL, NULL, NULL, NULL, NULL, NULL, NULL, NULL, NULL, NULL, NULL, NULL, NULL, NULL, NULL, 0, 'ATIVO', '2025-10-17 19:56:31', '2025-10-17 19:56:31'),
(246, 87, 3, NULL, NULL, NULL, NULL, NULL, NULL, NULL, NULL, NULL, NULL, NULL, NULL, NULL, NULL, NULL, NULL, NULL, 0, 'ATIVO', '2025-10-17 19:56:50', '2025-10-17 19:56:50'),
(247, 96, 7, NULL, '06 MESES', 'Secretaria Municipal de Educação', NULL, 'AGENDAR NOVA VISITA', NULL, 'Whatsaap', '2025-10-27', 'ENVIEI CATÁLOGO', NULL, 'CATÁLOGO ENVIADO UNIFORMES, MOVEIS,', '2025-10-27', 'AGUARDANDO RETORRNO DE ANÁLISE CATÁLOGO', '2025-12-31', NULL, NULL, NULL, 0, 'ATIVO', '2025-10-17 19:58:55', '2025-10-28 11:33:01'),
(250, 139, 3, NULL, NULL, NULL, NULL, NULL, NULL, NULL, NULL, NULL, NULL, NULL, NULL, NULL, NULL, NULL, NULL, NULL, 0, 'ATIVO', '2025-10-17 20:01:12', '2025-10-17 20:01:12'),
(251, 98, 3, NULL, NULL, NULL, NULL, NULL, NULL, NULL, NULL, NULL, NULL, NULL, NULL, NULL, NULL, NULL, NULL, NULL, 0, 'ATIVO', '2025-10-17 20:01:32', '2025-10-17 20:01:32'),
(252, 95, 3, NULL, NULL, NULL, NULL, NULL, NULL, NULL, NULL, NULL, NULL, NULL, NULL, NULL, NULL, NULL, NULL, NULL, 0, 'ATIVO', '2025-10-17 20:01:57', '2025-10-17 20:01:57'),
(255, 144, 3, NULL, NULL, NULL, NULL, NULL, NULL, NULL, '2025-10-17', NULL, NULL, NULL, NULL, NULL, NULL, NULL, NULL, NULL, 0, 'ATIVO', '2025-10-17 20:06:42', '2025-10-17 20:06:42'),
(279, 148, 17, NULL, '06/09/2025', 'EMEB Jardim Primavera', 'Cleria - Secretária', 'Realizada', NULL, 'telefone', NULL, 'Agendada visita para 06/09/2025', NULL, NULL, NULL, NULL, NULL, NULL, NULL, NULL, 0, 'ATIVO', '2025-10-29 07:21:16', '2025-10-29 07:21:16');

-- --------------------------------------------------------

--
-- Estrutura para tabela `estados_brasil`
--

CREATE TABLE `estados_brasil` (
  `id` int(11) NOT NULL,
  `sigla` varchar(2) NOT NULL,
  `nome` varchar(50) NOT NULL
) ENGINE=MyISAM DEFAULT CHARSET=utf8mb3 COLLATE=utf8mb3_unicode_ci;

--
-- Despejando dados para a tabela `estados_brasil`
--

INSERT INTO `estados_brasil` (`id`, `sigla`, `nome`) VALUES
(1, 'AC', 'Acre'),
(2, 'AL', 'Alagoas'),
(3, 'AP', 'Amapá'),
(4, 'AM', 'Amazonas'),
(5, 'BA', 'Bahia'),
(6, 'CE', 'Ceará'),
(7, 'DF', 'Distrito Federal'),
(8, 'ES', 'Espírito Santo'),
(9, 'GO', 'Goiás'),
(10, 'MA', 'Maranhão'),
(11, 'MT', 'Mato Grosso'),
(12, 'MS', 'Mato Grosso do Sul'),
(13, 'MG', 'Minas Gerais'),
(14, 'PA', 'Pará'),
(15, 'PB', 'Paraíba'),
(16, 'PR', 'Paraná'),
(17, 'PE', 'Pernambuco'),
(18, 'PI', 'Piauí'),
(19, 'RJ', 'Rio de Janeiro'),
(20, 'RN', 'Rio Grande do Norte'),
(21, 'RS', 'Rio Grande do Sul'),
(22, 'RO', 'Rondônia'),
(23, 'RR', 'Roraima'),
(24, 'SC', 'Santa Catarina'),
(25, 'SP', 'São Paulo'),
(26, 'SE', 'Sergipe'),
(27, 'TO', 'Tocantins');

-- --------------------------------------------------------

--
-- Estrutura para tabela `municipios`
--

CREATE TABLE `municipios` (
  `id` int(11) NOT NULL,
  `nome` varchar(150) NOT NULL,
  `codigo_ibge` varchar(20) DEFAULT NULL,
  `estado` varchar(2) DEFAULT NULL,
  `created_at` datetime NOT NULL DEFAULT current_timestamp(),
  `updated_at` datetime NOT NULL DEFAULT current_timestamp() ON UPDATE current_timestamp()
) ENGINE=InnoDB DEFAULT CHARSET=utf8mb4 COLLATE=utf8mb4_unicode_ci;

--
-- Despejando dados para a tabela `municipios`
--

INSERT INTO `municipios` (`id`, `nome`, `codigo_ibge`, `estado`, `created_at`, `updated_at`) VALUES
(6, 'Acorizal', NULL, 'MT', '2025-09-20 23:33:59', '2025-10-28 23:03:56'),
(7, 'Água Boa', NULL, 'MT', '2025-09-20 23:33:59', '2025-10-28 23:03:56'),
(8, 'Alta Floresta', NULL, 'MT', '2025-09-20 23:33:59', '2025-10-28 23:03:56'),
(9, 'Alto Araguaia', NULL, 'MT', '2025-09-20 23:33:59', '2025-10-28 23:03:56'),
(10, 'Alto Boa Vista', NULL, 'MT', '2025-09-20 23:33:59', '2025-10-28 23:03:56'),
(11, 'Alto Garças', NULL, 'MT', '2025-09-20 23:33:59', '2025-10-28 23:03:56'),
(12, 'Alto Paraguai', NULL, 'MT', '2025-09-20 23:33:59', '2025-10-28 23:03:56'),
(13, 'Alto Taquari', NULL, 'MT', '2025-09-20 23:33:59', '2025-10-28 23:03:56'),
(14, 'Apiacás', NULL, 'MT', '2025-09-20 23:33:59', '2025-10-28 23:03:56'),
(15, 'Araguaiana', NULL, 'MT', '2025-09-20 23:33:59', '2025-10-28 23:03:56'),
(16, 'Araguainha', NULL, 'MT', '2025-09-20 23:33:59', '2025-10-28 23:03:56'),
(17, 'Araputanga', NULL, 'MT', '2025-09-20 23:33:59', '2025-10-28 23:03:56'),
(18, 'Arenápolis', NULL, 'MT', '2025-09-20 23:33:59', '2025-10-28 23:03:56'),
(19, 'Aripuanã', NULL, 'MT', '2025-09-20 23:33:59', '2025-10-28 23:04:58'),
(20, 'Barão de Melgaço', NULL, 'MT', '2025-09-20 23:33:59', '2025-10-28 23:03:56'),
(21, 'Barra do Bugres', NULL, 'MT', '2025-09-20 23:33:59', '2025-10-28 23:03:56'),
(22, 'Barra do Garças', NULL, 'MT', '2025-09-20 23:33:59', '2025-10-28 23:03:56'),
(23, 'Boa Esperança do Norte', NULL, 'MT', '2025-09-20 23:33:59', '2025-10-28 23:04:58'),
(24, 'Bom Jesus do Araguaia', NULL, 'MT', '2025-09-20 23:33:59', '2025-10-28 23:03:56'),
(25, 'Brasnorte', NULL, 'MT', '2025-09-20 23:33:59', '2025-10-28 23:03:56'),
(26, 'Cáceres', NULL, 'MT', '2025-09-20 23:33:59', '2025-10-28 23:04:58'),
(27, 'Campinápolis', NULL, 'MT', '2025-09-20 23:33:59', '2025-10-28 23:03:56'),
(28, 'Campo Novo do Parecis', NULL, 'MT', '2025-09-20 23:33:59', '2025-10-28 23:03:56'),
(29, 'Campo Verde', NULL, 'MT', '2025-09-20 23:33:59', '2025-10-28 23:03:56'),
(30, 'Campos de Júlio', NULL, 'MT', '2025-09-20 23:33:59', '2025-10-28 23:03:56'),
(31, 'Canabrava do Norte', NULL, 'MT', '2025-09-20 23:33:59', '2025-10-28 23:04:58'),
(32, 'Canarana', NULL, 'MT', '2025-09-20 23:33:59', '2025-10-28 23:03:56'),
(33, 'Carlinda', NULL, 'MT', '2025-09-20 23:33:59', '2025-10-28 23:03:56'),
(34, 'Castanheira', NULL, 'MT', '2025-09-20 23:33:59', '2025-10-28 23:03:56'),
(35, 'Chapada dos Guimarães', NULL, 'MT', '2025-09-20 23:33:59', '2025-10-28 23:03:56'),
(36, 'Cláudia', NULL, 'MT', '2025-09-20 23:33:59', '2025-10-28 23:03:56'),
(37, 'Cocalinho', NULL, 'MT', '2025-09-20 23:33:59', '2025-10-28 23:04:58'),
(38, 'Colíder', NULL, 'MT', '2025-09-20 23:33:59', '2025-10-28 23:04:58'),
(39, 'Colniza', NULL, 'MT', '2025-09-20 23:33:59', '2025-10-28 23:04:58'),
(40, 'Comodoro', NULL, 'MT', '2025-09-20 23:33:59', '2025-10-28 23:03:56'),
(41, 'Confresa', NULL, 'MT', '2025-09-20 23:33:59', '2025-10-28 23:03:56'),
(42, 'Conquista D’Oeste', NULL, 'MT', '2025-09-20 23:33:59', '2025-10-28 23:04:58'),
(43, 'Cotriguacu', NULL, 'MT', '2025-09-20 23:33:59', '2025-10-28 23:04:58'),
(44, 'Cuiabá', NULL, 'MT', '2025-09-20 23:33:59', '2025-10-28 23:03:56'),
(45, 'Curvelândia', NULL, 'MT', '2025-09-20 23:33:59', '2025-10-28 23:03:56'),
(46, 'Denise', NULL, 'MT', '2025-09-20 23:33:59', '2025-10-28 23:03:56'),
(47, 'Diamantino', NULL, 'MT', '2025-09-20 23:33:59', '2025-10-28 23:03:56'),
(48, 'Dom Aquino', NULL, 'MT', '2025-09-20 23:33:59', '2025-10-28 23:03:56'),
(49, 'Feliz Natal', NULL, 'MT', '2025-09-20 23:33:59', '2025-10-28 23:03:56'),
(50, 'Figueirópolis D’Oeste', NULL, 'MT', '2025-09-20 23:33:59', '2025-10-28 23:04:58'),
(51, 'Gaúcha do Norte', NULL, 'MT', '2025-09-20 23:33:59', '2025-10-28 23:04:58'),
(52, 'General Carneiro', NULL, 'MT', '2025-09-20 23:33:59', '2025-10-28 23:04:58'),
(53, 'Glória D’Oeste', NULL, 'MT', '2025-09-20 23:33:59', '2025-10-28 23:04:58'),
(54, 'Guarantã do Norte', NULL, 'MT', '2025-09-20 23:33:59', '2025-10-28 23:03:56'),
(55, 'Guiratinga', NULL, 'MT', '2025-09-20 23:33:59', '2025-10-28 23:04:58'),
(56, 'Indiavaí', NULL, 'MT', '2025-09-20 23:33:59', '2025-10-28 23:04:58'),
(57, 'Ipiranga do Norte', NULL, 'MT', '2025-09-20 23:33:59', '2025-10-28 23:04:58'),
(58, 'Itanhangá', NULL, 'MT', '2025-09-20 23:33:59', '2025-10-28 23:04:58'),
(59, 'Itaúba', NULL, 'MT', '2025-09-20 23:33:59', '2025-10-28 23:03:56'),
(60, 'Itiquira', NULL, 'MT', '2025-09-20 23:33:59', '2025-10-28 23:03:56'),
(61, 'Jaciara', NULL, 'MT', '2025-09-20 23:33:59', '2025-10-28 23:03:56'),
(62, 'Jangada', NULL, 'MT', '2025-09-20 23:33:59', '2025-10-28 23:03:56'),
(63, 'Jauru', NULL, 'MT', '2025-09-20 23:33:59', '2025-10-28 23:03:56'),
(64, 'Juara', NULL, 'MT', '2025-09-20 23:33:59', '2025-10-28 23:03:56'),
(65, 'Juína', NULL, 'MT', '2025-09-20 23:33:59', '2025-10-28 23:03:56'),
(66, 'Juruena', NULL, 'MT', '2025-09-20 23:33:59', '2025-10-28 23:04:58'),
(67, 'Juscimeira', NULL, 'MT', '2025-09-20 23:33:59', '2025-10-28 23:04:58'),
(68, 'Lambari D´Oeste', NULL, 'MT', '2025-09-20 23:33:59', '2025-10-28 23:04:58'),
(69, 'Lucas do Rio Verde', NULL, 'MT', '2025-09-20 23:33:59', '2025-10-28 23:03:56'),
(70, 'Luciara', NULL, 'MT', '2025-09-20 23:33:59', '2025-10-28 23:04:58'),
(71, 'Marcelândia', NULL, 'MT', '2025-09-20 23:33:59', '2025-10-28 23:03:56'),
(72, 'Matupá', NULL, 'MT', '2025-09-20 23:33:59', '2025-10-28 23:03:56'),
(73, 'Mirassol D´Oeste', NULL, 'MT', '2025-09-20 23:33:59', '2025-10-28 23:04:58'),
(74, 'Nobres', NULL, 'MT', '2025-09-20 23:33:59', '2025-10-28 23:03:56'),
(75, 'Nortelândia', NULL, 'MT', '2025-09-20 23:33:59', '2025-10-28 23:03:56'),
(76, 'Nossa Senhora do Livramento', NULL, 'MT', '2025-09-20 23:33:59', '2025-10-28 23:04:58'),
(77, 'Nova Bandeirantes', NULL, 'MT', '2025-09-20 23:33:59', '2025-10-28 23:04:58'),
(78, 'Nova Brasilândia', NULL, 'MT', '2025-09-20 23:33:59', '2025-10-28 23:04:58'),
(79, 'Nova Canaã do Norte', NULL, 'MT', '2025-09-20 23:33:59', '2025-10-28 23:03:56'),
(80, 'Nova Guarita', NULL, 'MT', '2025-09-20 23:33:59', '2025-10-28 23:04:58'),
(81, 'Nova Lacerda', NULL, 'MT', '2025-09-20 23:33:59', '2025-10-28 23:04:58'),
(82, 'Nova Marilândia', NULL, 'MT', '2025-09-20 23:33:59', '2025-10-28 23:04:58'),
(83, 'Nova Maringá', NULL, 'MT', '2025-09-20 23:33:59', '2025-10-28 23:04:58'),
(84, 'Nova Monte Verde', NULL, 'MT', '2025-09-20 23:33:59', '2025-10-28 23:04:58'),
(85, 'Nova Mutum', NULL, 'MT', '2025-09-20 23:33:59', '2025-10-28 23:03:56'),
(86, 'Nova Nazaré', NULL, 'MT', '2025-09-20 23:33:59', '2025-10-28 23:04:58'),
(87, 'Nova Olímpia', NULL, 'MT', '2025-09-20 23:33:59', '2025-10-28 23:04:58'),
(88, 'Nova Santa Helena', NULL, 'MT', '2025-09-20 23:33:59', '2025-10-28 23:04:58'),
(89, 'Nova Ubiratã', NULL, 'MT', '2025-09-20 23:33:59', '2025-10-28 23:03:56'),
(90, 'Nova Xavantina', NULL, 'MT', '2025-09-20 23:33:59', '2025-10-28 23:04:58'),
(91, 'Novo Horizonte do Norte', NULL, 'MT', '2025-09-20 23:33:59', '2025-10-28 23:04:58'),
(92, 'Novo Mundo', NULL, 'MT', '2025-09-20 23:33:59', '2025-10-28 23:04:58'),
(93, 'Novo Santo Antonio', NULL, 'MT', '2025-09-20 23:33:59', '2025-10-28 23:04:58'),
(94, 'Novo São Joaquim', NULL, 'MT', '2025-09-20 23:33:59', '2025-10-28 23:04:58'),
(95, 'Paranaíta', NULL, 'MT', '2025-09-20 23:33:59', '2025-10-28 23:04:58'),
(96, 'Paranatinga', NULL, 'MT', '2025-09-20 23:33:59', '2025-10-28 23:03:56'),
(97, 'Pedra Preta', NULL, 'MT', '2025-09-20 23:33:59', '2025-10-28 23:03:56'),
(98, 'Peixoto de Azevedo', NULL, 'MT', '2025-09-20 23:33:59', '2025-10-28 23:03:56'),
(99, 'Planalto da Serra', NULL, 'MT', '2025-09-20 23:33:59', '2025-10-28 23:04:58'),
(100, 'Poconé', NULL, 'MT', '2025-09-20 23:33:59', '2025-10-28 23:03:56'),
(101, 'Pontal do Araguaia', NULL, 'MT', '2025-09-20 23:33:59', '2025-10-28 23:04:58'),
(102, 'Ponte Branca', NULL, 'MT', '2025-09-20 23:33:59', '2025-10-28 23:04:58'),
(103, 'Pontes e Lacerda', NULL, 'MT', '2025-09-20 23:33:59', '2025-10-28 23:03:56'),
(104, 'Porto Alegre do Norte', NULL, 'MT', '2025-09-20 23:33:59', '2025-10-28 23:03:56'),
(105, 'Porto dos Gaúchos', NULL, 'MT', '2025-09-20 23:33:59', '2025-10-28 23:04:58'),
(106, 'Porto Esperidião', NULL, 'MT', '2025-09-20 23:33:59', '2025-10-28 23:04:58'),
(107, 'Porto Estrela', NULL, 'MT', '2025-09-20 23:33:59', '2025-10-28 23:04:58'),
(108, 'Poxoréu', NULL, 'MT', '2025-09-20 23:33:59', '2025-10-28 23:04:58'),
(109, 'Primavera do Leste', NULL, 'MT', '2025-09-20 23:33:59', '2025-10-28 23:03:56'),
(110, 'Querência', NULL, 'MT', '2025-09-20 23:33:59', '2025-10-28 23:03:56'),
(111, 'Reserva do Cabaçal', NULL, 'MT', '2025-09-20 23:33:59', '2025-10-28 23:04:58'),
(112, 'Ribeirão Cascalheira', NULL, 'MT', '2025-09-20 23:33:59', '2025-10-28 23:04:58'),
(113, 'Ribeirãozinho', NULL, 'MT', '2025-09-20 23:33:59', '2025-10-28 23:04:58'),
(114, 'Rio Branco', NULL, 'MT', '2025-09-20 23:33:59', '2025-10-28 23:04:58'),
(115, 'Rondolândia', NULL, 'MT', '2025-09-20 23:33:59', '2025-10-28 23:04:58'),
(116, 'Rondonópolis', NULL, 'MT', '2025-09-20 23:33:59', '2025-10-28 23:03:56'),
(117, 'Rosario Oeste', NULL, 'MT', '2025-09-20 23:33:59', '2025-10-28 23:03:56'),
(118, 'Salto do Céu', NULL, 'MT', '2025-09-20 23:33:59', '2025-10-28 23:04:58'),
(119, 'Santa Carmem', NULL, 'MT', '2025-09-20 23:33:59', '2025-10-28 23:04:58'),
(120, 'Santa Cruz do Xingu', NULL, 'MT', '2025-09-20 23:33:59', '2025-10-28 23:04:58'),
(121, 'Santa Rita do Trivelato', NULL, 'MT', '2025-09-20 23:33:59', '2025-10-28 23:04:58'),
(122, 'Santa Terezinha', NULL, 'MT', '2025-09-20 23:33:59', '2025-10-28 23:04:58'),
(123, 'Santo Afonso', NULL, 'MT', '2025-09-20 23:33:59', '2025-10-28 23:04:58'),
(124, 'Santo Antonio do Leste', NULL, 'MT', '2025-09-20 23:33:59', '2025-10-28 23:04:58'),
(125, 'Santo Antônio do Leverger', NULL, 'MT', '2025-09-20 23:33:59', '2025-10-28 23:04:58'),
(126, 'São Felix do Araguaia', NULL, 'MT', '2025-09-20 23:33:59', '2025-10-28 23:04:58'),
(127, 'São José do Povo', NULL, 'MT', '2025-09-20 23:33:59', '2025-10-28 23:04:58'),
(128, 'São José do Rio Claro', NULL, 'MT', '2025-09-20 23:33:59', '2025-10-28 23:04:58'),
(129, 'São José do Xingu', NULL, 'MT', '2025-09-20 23:33:59', '2025-10-28 23:04:58'),
(130, 'São José dos Quatro Marcos', NULL, 'MT', '2025-09-20 23:33:59', '2025-10-28 23:04:58'),
(131, 'São Pedro da Cipa', NULL, 'MT', '2025-09-20 23:33:59', '2025-10-28 23:04:58'),
(132, 'Sapezal', NULL, 'MT', '2025-09-20 23:33:59', '2025-10-28 23:03:56'),
(133, 'Serra Nova Dourada', NULL, 'MT', '2025-09-20 23:33:59', '2025-10-28 23:04:58'),
(134, 'Sinop', NULL, 'MT', '2025-09-20 23:33:59', '2025-10-28 23:03:56'),
(135, 'Sorriso', NULL, 'MT', '2025-09-20 23:33:59', '2025-10-28 23:03:56'),
(136, 'Tabaporã', NULL, 'MT', '2025-09-20 23:33:59', '2025-10-28 23:04:58'),
(137, 'Tangará da Serra', NULL, 'MT', '2025-09-20 23:33:59', '2025-10-28 23:03:56'),
(138, 'Tapurah', NULL, 'MT', '2025-09-20 23:33:59', '2025-10-28 23:03:56'),
(139, 'Terra Nova do Norte', NULL, 'MT', '2025-09-20 23:33:59', '2025-10-28 23:04:58'),
(140, 'Tesouro', NULL, 'MT', '2025-09-20 23:33:59', '2025-10-28 23:04:58'),
(141, 'Torixoreu', NULL, 'MT', '2025-09-20 23:33:59', '2025-10-28 23:03:56'),
(142, 'União do Sul', NULL, 'MT', '2025-09-20 23:33:59', '2025-10-28 23:04:58'),
(143, 'Vale de São Domingos', NULL, 'MT', '2025-09-20 23:33:59', '2025-10-28 23:04:58'),
(144, 'Várzea Grande', NULL, 'MT', '2025-09-20 23:33:59', '2025-10-28 23:03:56'),
(145, 'Vera', NULL, 'MT', '2025-09-20 23:33:59', '2025-10-28 23:03:56'),
(146, 'Vila Bela da Santissima Trindade', NULL, 'MT', '2025-09-20 23:33:59', '2025-10-28 23:04:58'),
(147, 'Vila Rica', NULL, 'MT', '2025-09-20 23:33:59', '2025-10-28 23:03:56'),
(148, 'São Paulo', '', 'SP', '2025-10-28 23:10:31', '2025-10-28 23:10:31'),
(149, 'Rio de Janeiro', '', 'RJ', '2025-10-28 23:10:51', '2025-10-28 23:10:51');

-- --------------------------------------------------------

--
-- Estrutura para tabela `users`
--

CREATE TABLE `users` (
  `id` int(11) NOT NULL,
  `name` varchar(120) NOT NULL,
  `email` varchar(120) NOT NULL,
  `password_hash` varchar(255) NOT NULL,
  `role` enum('ADMIN','REPRESENTANTE','VENDEDOR') NOT NULL DEFAULT 'VENDEDOR',
  `created_by` int(11) DEFAULT NULL,
  `estado` varchar(50) NOT NULL,
  `cidade` varchar(100) DEFAULT NULL,
  `active` tinyint(1) NOT NULL DEFAULT 1,
  `last_login_at` datetime DEFAULT NULL,
  `created_at` datetime NOT NULL DEFAULT current_timestamp(),
  `updated_at` datetime NOT NULL DEFAULT current_timestamp() ON UPDATE current_timestamp()
) ENGINE=InnoDB DEFAULT CHARSET=utf8mb4 COLLATE=utf8mb4_unicode_ci;

--
-- Despejando dados para a tabela `users`
--

INSERT INTO `users` (`id`, `name`, `email`, `password_hash`, `role`, `created_by`, `estado`, `cidade`, `active`, `last_login_at`, `created_at`, `updated_at`) VALUES
(3, 'Flavia', 'flavia@flash.com', '$2y$10$3xvYwF54SkqbMcxhdhw3DuHMQv8X2hvKo7InOZnLle02mmcYRWcVW', 'ADMIN', NULL, 'MT', 'Cuiabá', 1, '2025-11-21 20:56:27', '2025-09-21 02:12:17', '2025-11-21 21:11:52'),
(7, 'Linda', 'linda@flash.com', '$2y$12$OWIWS6x86Ifq7cIyTgNg1.5jVt6IkUKVGkcG2.l9cY2EJpuQBsS/i', 'REPRESENTANTE', NULL, 'RJ', 'Rio de Janeiro', 1, '2025-10-28 10:14:56', '2025-09-21 02:12:17', '2025-10-28 22:01:24'),
(12, 'Administrador', 'admin@sistema.local', '$2y$10$ouE0w7noAqQVbE/Inqfe/enKpcZ9IDoRDOA3zLa6f1zWnxDGjAKDC', 'ADMIN', NULL, 'SP', 'são paulo', 1, '2025-10-17 21:02:32', '2025-09-21 23:48:46', '2025-10-28 22:00:39'),
(17, 'ruda', 'ruda@gmail.com', '$2y$10$esXK1Y2RueGLNaAYlPIUEuPTuVr4RUuDaFUHh3z/7.snJAvw.6.K.', 'REPRESENTANTE', NULL, 'SP', 'são paulo', 1, '2025-11-21 21:36:24', '2025-10-28 17:45:59', '2025-11-21 21:36:24');

-- --------------------------------------------------------

--
-- Estrutura para tabela `user_estados`
--

CREATE TABLE `user_estados` (
  `id` int(11) NOT NULL,
  `user_id` int(11) NOT NULL,
  `estado` varchar(10) NOT NULL
) ENGINE=MyISAM DEFAULT CHARSET=utf8mb3 COLLATE=utf8mb3_unicode_ci;

--
-- Despejando dados para a tabela `user_estados`
--

INSERT INTO `user_estados` (`id`, `user_id`, `estado`) VALUES
(1, 2, 'MT'),
(2, 3, 'RJ'),
(3, 4, 'SP'),
(4, 3, 'MT'),
(5, 7, 'RJ'),
(6, 12, 'SP'),
(9, 17, 'RJ'),
(10, 17, 'SP');

--
-- Índices para tabelas despejadas
--

--
-- Índices de tabela `activities`
--
ALTER TABLE `activities`
  ADD PRIMARY KEY (`id`),
  ADD KEY `idx_activities_user` (`user_id`);

--
-- Índices de tabela `atendimentos`
--
ALTER TABLE `atendimentos`
  ADD PRIMARY KEY (`id`),
  ADD KEY `idx_atendimentos_municipio` (`municipio_id`),
  ADD KEY `idx_atendimentos_representante` (`representante_id`),
  ADD KEY `idx_atendimentos_data_contato` (`data_contato`);

--
-- Índices de tabela `estados_brasil`
--
ALTER TABLE `estados_brasil`
  ADD PRIMARY KEY (`id`),
  ADD UNIQUE KEY `sigla` (`sigla`);

--
-- Índices de tabela `municipios`
--
ALTER TABLE `municipios`
  ADD PRIMARY KEY (`id`),
  ADD UNIQUE KEY `unique_nome` (`nome`);

--
-- Índices de tabela `users`
--
ALTER TABLE `users`
  ADD PRIMARY KEY (`id`),
  ADD UNIQUE KEY `email` (`email`);

--
-- Índices de tabela `user_estados`
--
ALTER TABLE `user_estados`
  ADD PRIMARY KEY (`id`),
  ADD KEY `user_id` (`user_id`);

--
-- AUTO_INCREMENT para tabelas despejadas
--

--
-- AUTO_INCREMENT de tabela `activities`
--
ALTER TABLE `activities`
  MODIFY `id` int(11) NOT NULL AUTO_INCREMENT, AUTO_INCREMENT=767;

--
-- AUTO_INCREMENT de tabela `atendimentos`
--
ALTER TABLE `atendimentos`
  MODIFY `id` int(11) NOT NULL AUTO_INCREMENT, AUTO_INCREMENT=280;

--
-- AUTO_INCREMENT de tabela `estados_brasil`
--
ALTER TABLE `estados_brasil`
  MODIFY `id` int(11) NOT NULL AUTO_INCREMENT, AUTO_INCREMENT=28;

--
-- AUTO_INCREMENT de tabela `municipios`
--
ALTER TABLE `municipios`
  MODIFY `id` int(11) NOT NULL AUTO_INCREMENT, AUTO_INCREMENT=150;

--
-- AUTO_INCREMENT de tabela `users`
--
ALTER TABLE `users`
  MODIFY `id` int(11) NOT NULL AUTO_INCREMENT, AUTO_INCREMENT=18;

--
-- AUTO_INCREMENT de tabela `user_estados`
--
ALTER TABLE `user_estados`
  MODIFY `id` int(11) NOT NULL AUTO_INCREMENT, AUTO_INCREMENT=11;

--
-- Restrições para tabelas despejadas
--

--
-- Restrições para tabelas `activities`
--
ALTER TABLE `activities`
  ADD CONSTRAINT `fk_activities_user` FOREIGN KEY (`user_id`) REFERENCES `users` (`id`) ON DELETE SET NULL;

--
-- Restrições para tabelas `atendimentos`
--
ALTER TABLE `atendimentos`
  ADD CONSTRAINT `fk_atendimentos_municipio` FOREIGN KEY (`municipio_id`) REFERENCES `municipios` (`id`) ON DELETE CASCADE,
  ADD CONSTRAINT `fk_atendimentos_representante` FOREIGN KEY (`representante_id`) REFERENCES `users` (`id`) ON DELETE CASCADE;
COMMIT;

/*!40101 SET CHARACTER_SET_CLIENT=@OLD_CHARACTER_SET_CLIENT */;
/*!40101 SET CHARACTER_SET_RESULTS=@OLD_CHARACTER_SET_RESULTS */;
/*!40101 SET COLLATION_CONNECTION=@OLD_COLLATION_CONNECTION */;
